ReadingId,SubId,Timestamp,ReadTime,Wattage,Plant,ToolName,ToolLine,PassFail,CreatedAt
1,FS-2026-0001,2026-08-23 20:47:00,1.42,304.91,Perrysburg,Flasher,A,1,2026-09-11 18:08:51
2,FS-2026-0002,2026-08-13 03:17:00,2.11,236.16,Toledo,Flasher,A,1,2026-09-11 18:08:51
3,FS-2026-0003,2026-08-02 19:42:00,1.51,252.64,Toledo,Boiler,A,1,2026-09-11 18:08:51
4,FS-2026-0004,2026-08-18 04:23:00,1.78,272.64,Perrysburg,Flasher,B,1,2026-09-11 18:08:51
5,FS-2026-0005,2026-08-01 08:44:00,2.81,331.75,Perrysburg,Flasher,B,0,2026-09-11 18:08:51
6,FS-2026-0006,2026-08-12 18:08:00,1.01,230.82,Toledo,Flasher,B,0,2026-09-11 18:08:51
7,FS-2026-0007,2026-08-14 17:11:00,0.63,282.28,Perrysburg,Flasher,A,0,2026-09-11 18:08:51
8,FS-2026-0008,2026-08-16 12:18:00,1.0,202.0,Perrysburg,Boiler,A,1,2026-09-11 18:08:51
9,FS-2026-0009,2026-08-17 21:15:00,1.14,378.02,Perrysburg,Boiler,B,1,2026-09-11 18:08:51
10,FS-2026-0010,2026-08-09 01:38:00,2.42,225.46,Perrysburg,Flasher,A,1,2026-09-11 18:08:51
11,FS-2026-0011,2026-08-21 14:33:00,2.42,333.98,Toledo,Boiler,B,1,2026-09-11 18:08:51
12,FS-2026-0012,2026-08-30 08:32:00,0.84,250.11,Toledo,Flasher,A,1,2026-09-11 18:08:51
13,FS-2026-0013,2026-08-14 08:06:00,1.28,224.81,Toledo,Boiler,A,0,2026-09-11 18:08:51
14,FS-2026-0014,2026-08-13 11:02:00,1.65,246.02,Toledo,Boiler,A,0,2026-09-11 18:08:51
15,FS-2026-0015,2026-08-12 21:46:00,0.86,316.89,Perrysburg,Boiler,A,1,2026-09-11 18:08:51
16,FS-2026-0016,2026-08-10 01:37:00,1.36,326.87,Toledo,Flasher,A,1,2026-09-11 18:08:51
17,FS-2026-0017,2026-08-30 11:49:00,0.74,224.98,Toledo,Boiler,B,0,2026-09-11 18:08:51
18,FS-2026-0018,2026-08-25 07:09:00,2.24,382.36,Toledo,Boiler,A,0,2026-09-11 18:08:51
19,FS-2026-0019,2026-08-17 08:04:00,2.79,376.5,Toledo,Flasher,B,0,2026-09-11 18:08:51
20,FS-2026-0020,2026-08-04 04:36:00,0.57,346.45,Perrysburg,Flasher,A,0,2026-09-11 18:08:51
21,FS-2026-0021,2026-08-22 15:54:00,2.93,354.4,Perrysburg,Flasher,A,0,2026-09-11 18:08:51
22,FS-2026-0022,2026-08-20 01:58:00,1.13,271.51,Perrysburg,Boiler,A,1,2026-09-11 18:08:51
23,FS-2026-0023,2026-08-03 12:32:00,2.41,219.71,Perrysburg,Flasher,A,0,2026-09-11 18:08:51
24,FS-2026-0024,2026-08-19 17:44:00,2.66,367.68,Toledo,Boiler,A,1,2026-09-11 18:08:51
25,FS-2026-0025,2026-08-08 07:36:00,1.75,333.3,Toledo,Flasher,A,0,2026-09-11 18:08:51
26,FS-2026-0026,2026-08-02 09:15:00,1.51,243.75,Perrysburg,Boiler,B,1,2026-09-11 18:08:51
27,FS-2026-0027,2026-08-14 23:00:00,1.25,367.29,Perrysburg,Flasher,A,0,2026-09-11 18:08:51
28,FS-2026-0028,2026-08-27 06:17:00,1.29,206.54,Toledo,Flasher,B,1,2026-09-11 18:08:51
29,FS-2026-0029,2026-08-13 15:21:00,1.67,200.16,Toledo,Boiler,B,0,2026-09-11 18:08:51
30,FS-2026-0030,2026-08-23 09:27:00,0.74,254.83,Toledo,Boiler,A,0,2026-09-11 18:08:51
31,FS-2026-0031,2026-08-03 02:32:00,1.49,350.51,Perrysburg,Boiler,B,0,2026-09-11 18:08:51
32,FS-2026-0032,2026-08-23 20:41:00,2.61,278.32,Perrysburg,Flasher,B,0,2026-09-11 18:08:51
33,FS-2026-0033,2026-08-10 07:40:00,2.28,302.14,Perrysburg,Boiler,B,1,2026-09-11 18:08:51
34,FS-2026-0034,2026-08-22 05:39:00,1.54,294.55,Perrysburg,Boiler,A,0,2026-09-11 18:08:51
35,FS-2026-0035,2026-08-13 10:13:00,2.8,224.31,Toledo,Flasher,B,1,2026-09-11 18:08:51
36,FS-2026-0036,2026-08-16 12:48:00,2.42,279.8,Perrysburg,Boiler,B,0,2026-09-11 18:08:51
37,FS-2026-0037,2026-08-03 20:55:00,2.87,224.91,Perrysburg,Flasher,B,0,2026-09-11 18:08:51
38,FS-2026-0038,2026-08-27 02:47:00,2.63,284.97,Perrysburg,Flasher,A,0,2026-09-11 18:08:51
39,FS-2026-0039,2026-08-10 01:28:00,0.78,212.12,Toledo,Boiler,B,0,2026-09-11 18:08:51
40,FS-2026-0040,2026-08-09 03:41:00,2.02,303.32,Perrysburg,Boiler,A,0,2026-09-11 18:08:51
41,FS-2026-0041,2026-08-07 04:55:00,1.42,221.45,Perrysburg,Boiler,A,1,2026-09-11 18:08:51
42,FS-2026-0042,2026-08-23 09:05:00,0.57,283.45,Toledo,Flasher,B,1,2026-09-11 18:08:51
43,FS-2026-0043,2026-08-25 04:47:00,0.74,377.03,Toledo,Flasher,B,0,2026-09-11 18:08:51
44,FS-2026-0044,2026-08-09 19:27:00,1.75,280.26,Toledo,Boiler,A,0,2026-09-11 18:08:51
45,FS-2026-0045,2026-08-01 08:20:00,1.81,264.57,Perrysburg,Flasher,A,0,2026-09-11 18:08:51
46,FS-2026-0046,2026-08-19 03:34:00,1.27,303.45,Perrysburg,Boiler,A,0,2026-09-11 18:08:51
47,FS-2026-0047,2026-08-29 04:40:00,1.93,300.5,Perrysburg,Boiler,B,1,2026-09-11 18:08:51
48,FS-2026-0048,2026-08-27 21:03:00,1.01,341.68,Toledo,Flasher,A,1,2026-09-11 18:08:51
49,FS-2026-0049,2026-08-23 14:34:00,0.82,219.23,Perrysburg,Flasher,A,1,2026-09-11 18:08:51
50,FS-2026-0050,2026-08-19 02:43:00,2.61,230.71,Perrysburg,Boiler,B,0,2026-09-11 18:08:51
51,FS-2026-0051,2026-08-19 08:42:00,2.02,337.19,Toledo,Flasher,B,0,2026-09-11 18:08:51
52,FS-2026-0052,2026-08-20 04:52:00,1.76,331.06,Perrysburg,Boiler,A,1,2026-09-11 18:08:51
53,FS-2026-0053,2026-08-20 02:32:00,1.29,286.35,Perrysburg,Flasher,A,1,2026-09-11 18:08:51
54,FS-2026-0054,2026-08-06 13:30:00,0.51,240.92,Perrysburg,Boiler,B,0,2026-09-11 18:08:51
55,FS-2026-0055,2026-08-10 00:56:00,1.17,369.01,Toledo,Boiler,B,0,2026-09-11 18:08:51
56,FS-2026-0056,2026-08-29 02:27:00,0.65,363.57,Perrysburg,Boiler,B,0,2026-09-11 18:08:51
57,FS-2026-0057,2026-08-05 14:02:00,1.67,312.22,Perrysburg,Boiler,A,0,2026-09-11 18:08:51
58,FS-2026-0058,2026-08-19 16:40:00,1.19,217.08,Toledo,Flasher,B,1,2026-09-11 18:08:51
59,FS-2026-0059,2026-08-28 09:21:00,2.41,247.2,Toledo,Flasher,A,0,2026-09-11 18:08:51
60,FS-2026-0060,2026-08-25 01:51:00,2.04,309.91,Toledo,Boiler,A,0,2026-09-11 18:08:51
61,FS-2026-0061,2026-08-07 01:58:00,1.95,392.85,Perrysburg,Boiler,A,1,2026-09-11 18:08:51
62,FS-2026-0062,2026-08-15 23:28:00,2.62,226.9,Perrysburg,Boiler,B,0,2026-09-11 18:08:51
63,FS-2026-0063,2026-08-15 19:44:00,0.97,312.9,Toledo,Boiler,B,1,2026-09-11 18:08:51
64,FS-2026-0064,2026-08-30 07:07:00,0.96,270.99,Perrysburg,Flasher,B,1,2026-09-11 18:08:51
65,FS-2026-0065,2026-08-11 22:00:00,0.99,274.82,Perrysburg,Boiler,B,1,2026-09-11 18:08:51
66,FS-2026-0066,2026-08-21 04:38:00,0.91,350.35,Toledo,Boiler,A,1,2026-09-11 18:08:51
67,FS-2026-0067,2026-08-09 04:16:00,2.15,233.14,Toledo,Flasher,B,0,2026-09-11 18:08:51
68,FS-2026-0068,2026-08-14 11:59:00,2.97,387.56,Toledo,Boiler,A,0,2026-09-11 18:08:51
69,FS-2026-0069,2026-08-26 13:54:00,1.06,200.97,Perrysburg,Flasher,A,0,2026-09-11 18:08:51
70,FS-2026-0070,2026-08-14 13:39:00,1.52,230.25,Toledo,Boiler,B,1,2026-09-11 18:08:51
71,FS-2026-0071,2026-08-08 20:02:00,2.99,207.43,Toledo,Flasher,A,1,2026-09-11 18:08:51
72,FS-2026-0072,2026-08-15 16:48:00,1.68,337.03,Toledo,Flasher,A,1,2026-09-11 18:08:51
73,FS-2026-0073,2026-08-01 16:11:00,1.41,368.95,Toledo,Boiler,A,1,2026-09-11 18:08:51
74,FS-2026-0074,2026-08-22 06:32:00,2.33,319.4,Perrysburg,Boiler,B,0,2026-09-11 18:08:51
75,FS-2026-0075,2026-08-05 20:28:00,1.4,220.85,Perrysburg,Flasher,A,1,2026-09-11 18:08:51
76,FS-2026-0076,2026-08-09 21:31:00,0.53,257.55,Toledo,Boiler,A,0,2026-09-11 18:08:51
77,FS-2026-0077,2026-08-20 07:50:00,0.99,326.28,Toledo,Boiler,B,1,2026-09-11 18:08:51
78,FS-2026-0078,2026-08-11 04:25:00,2.48,328.82,Toledo,Boiler,A,1,2026-09-11 18:08:51
79,FS-2026-0079,2026-08-01 20:27:00,2.83,374.69,Toledo,Boiler,A,1,2026-09-11 18:08:51
80,FS-2026-0080,2026-08-26 19:54:00,1.68,362.93,Perrysburg,Flasher,A,0,2026-09-11 18:08:51
81,FS-2026-0081,2026-08-04 11:41:00,2.76,319.48,Toledo,Boiler,A,0,2026-09-11 18:08:51
82,FS-2026-0082,2026-08-08 02:55:00,0.96,372.71,Perrysburg,Flasher,B,1,2026-09-11 18:08:51
83,FS-2026-0083,2026-08-28 15:05:00,1.2,327.12,Toledo,Flasher,A,0,2026-09-11 18:08:51
84,FS-2026-0084,2026-08-11 01:56:00,2.06,210.07,Perrysburg,Flasher,A,0,2026-09-11 18:08:51
85,FS-2026-0085,2026-08-22 21:07:00,2.49,342.34,Perrysburg,Flasher,B,0,2026-09-11 18:08:51
86,FS-2026-0086,2026-08-08 17:55:00,1.58,294.7,Perrysburg,Boiler,A,0,2026-09-11 18:08:51
87,FS-2026-0087,2026-08-09 02:34:00,2.3,389.47,Toledo,Boiler,A,1,2026-09-11 18:08:51
88,FS-2026-0088,2026-08-03 04:38:00,1.07,399.63,Toledo,Flasher,B,0,2026-09-11 18:08:51
89,FS-2026-0089,2026-08-20 19:51:00,2.19,362.19,Perrysburg,Boiler,A,0,2026-09-11 18:08:51
90,FS-2026-0090,2026-08-09 10:45:00,2.82,314.86,Perrysburg,Boiler,A,1,2026-09-11 18:08:51
91,FS-2026-0091,2026-08-16 03:50:00,0.97,253.98,Toledo,Flasher,B,1,2026-09-11 18:08:51
92,FS-2026-0092,2026-08-19 10:36:00,2.09,315.13,Perrysburg,Boiler,A,1,2026-09-11 18:08:51
93,FS-2026-0093,2026-08-06 03:14:00,0.62,374.0,Perrysburg,Flasher,B,0,2026-09-11 18:08:51
94,FS-2026-0094,2026-08-23 11:32:00,2.7,350.89,Toledo,Flasher,A,0,2026-09-11 18:08:51
95,FS-2026-0095,2026-08-10 00:01:00,1.45,310.06,Toledo,Boiler,B,0,2026-09-11 18:08:51
96,FS-2026-0096,2026-08-22 17:51:00,0.98,370.37,Perrysburg,Flasher,A,1,2026-09-11 18:08:51
97,FS-2026-0097,2026-08-09 09:08:00,1.56,238.65,Toledo,Flasher,A,0,2026-09-11 18:08:51
98,FS-2026-0098,2026-08-30 21:09:00,1.34,375.55,Toledo,Flasher,B,1,2026-09-11 18:08:51
99,FS-2026-0099,2026-08-03 05:00:00,1.05,399.71,Toledo,Boiler,B,0,2026-09-11 18:08:51
100,FS-2026-0100,2026-08-26 06:27:00,1.0,201.88,Toledo,Boiler,B,0,2026-09-11 18:08:51
101,FS-2026-0101,2026-08-26 14:22:00,0.56,335.73,Perrysburg,Flasher,B,1,2026-09-11 18:08:51
102,FS-2026-0102,2026-08-26 20:18:00,1.22,291.53,Perrysburg,Flasher,B,0,2026-09-11 18:08:51
103,FS-2026-0103,2026-08-24 17:33:00,3.0,217.16,Perrysburg,Flasher,B,1,2026-09-11 18:08:51
104,FS-2026-0104,2026-08-25 07:35:00,1.17,274.82,Toledo,Flasher,B,1,2026-09-11 18:08:51
105,FS-2026-0105,2026-08-28 10:48:00,2.59,231.16,Perrysburg,Boiler,B,1,2026-09-11 18:08:51
106,FS-2026-0106,2026-08-07 23:39:00,1.04,247.89,Perrysburg,Boiler,A,0,2026-09-11 18:08:51
107,FS-2026-0107,2026-08-04 08:48:00,2.09,206.15,Toledo,Boiler,A,0,2026-09-11 18:08:51
108,FS-2026-0108,2026-08-25 02:11:00,2.35,259.86,Perrysburg,Boiler,B,1,2026-09-11 18:08:51
109,FS-2026-0109,2026-08-30 19:08:00,1.37,220.13,Toledo,Flasher,B,1,2026-09-11 18:08:51
110,FS-2026-0110,2026-08-04 14:24:00,2.74,373.51,Toledo,Flasher,A,1,2026-09-11 18:08:51
111,FS-2026-0111,2026-08-07 12:16:00,1.51,245.53,Perrysburg,Boiler,B,1,2026-09-11 18:08:51
112,FS-2026-0112,2026-08-01 08:59:00,2.94,253.33,Perrysburg,Flasher,A,1,2026-09-11 18:08:51
113,FS-2026-0113,2026-08-20 14:32:00,0.93,286.3,Toledo,Flasher,A,1,2026-09-11 18:08:51
114,FS-2026-0114,2026-08-15 18:50:00,0.74,330.91,Perrysburg,Flasher,A,1,2026-09-11 18:08:51
115,FS-2026-0115,2026-08-06 07:05:00,1.58,384.32,Perrysburg,Boiler,B,0,2026-09-11 18:08:51
116,FS-2026-0116,2026-08-22 11:09:00,2.87,332.59,Toledo,Boiler,A,1,2026-09-11 18:08:51
117,FS-2026-0117,2026-08-20 21:43:00,1.89,271.29,Toledo,Boiler,B,0,2026-09-11 18:08:51
118,FS-2026-0118,2026-08-08 22:49:00,2.93,237.21,Toledo,Boiler,B,1,2026-09-11 18:08:51
119,FS-2026-0119,2026-08-12 03:13:00,2.8,376.48,Toledo,Boiler,B,0,2026-09-11 18:08:51
120,FS-2026-0120,2026-08-19 03:33:00,1.68,214.53,Perrysburg,Flasher,A,0,2026-09-11 18:08:51
121,FS-2026-0121,2026-08-22 09:48:00,1.74,259.02,Perrysburg,Boiler,B,1,2026-09-11 18:08:51
122,FS-2026-0122,2026-08-10 18:00:00,0.57,368.9,Perrysburg,Flasher,A,0,2026-09-11 18:08:51
123,FS-2026-0123,2026-08-05 01:40:00,2.07,300.2,Perrysburg,Flasher,A,0,2026-09-11 18:08:51
124,FS-2026-0124,2026-08-18 12:26:00,2.96,239.64,Toledo,Flasher,A,0,2026-09-11 18:08:51
125,FS-2026-0125,2026-08-07 21:52:00,1.21,295.9,Perrysburg,Flasher,A,1,2026-09-11 18:08:51
126,FS-2026-0126,2026-08-25 23:59:00,0.57,300.57,Toledo,Boiler,A,1,2026-09-11 18:08:51
127,FS-2026-0127,2026-08-25 22:09:00,0.63,317.33,Toledo,Boiler,A,0,2026-09-11 18:08:51
128,FS-2026-0128,2026-08-19 12:23:00,2.13,312.67,Perrysburg,Flasher,A,1,2026-09-11 18:08:51
129,FS-2026-0129,2026-08-18 00:21:00,1.48,351.35,Perrysburg,Flasher,B,0,2026-09-11 18:08:51
130,FS-2026-0130,2026-08-17 16:11:00,1.96,399.42,Toledo,Flasher,A,1,2026-09-11 18:08:51
131,FS-2026-0131,2026-08-15 15:19:00,0.9,374.75,Perrysburg,Flasher,A,0,2026-09-11 18:08:51
132,FS-2026-0132,2026-08-23 10:23:00,1.12,289.03,Perrysburg,Boiler,B,0,2026-09-11 18:08:51
133,FS-2026-0133,2026-08-23 18:11:00,2.12,257.7,Perrysburg,Boiler,B,0,2026-09-11 18:08:51
134,FS-2026-0134,2026-08-16 21:04:00,2.33,252.24,Toledo,Flasher,A,0,2026-09-11 18:08:51
135,FS-2026-0135,2026-08-19 08:39:00,2.2,329.65,Perrysburg,Boiler,B,1,2026-09-11 18:08:51
136,FS-2026-0136,2026-08-23 10:39:00,2.52,272.72,Perrysburg,Boiler,A,0,2026-09-11 18:08:51
137,FS-2026-0137,2026-08-20 22:47:00,1.46,334.13,Perrysburg,Boiler,B,1,2026-09-11 18:08:51
138,FS-2026-0138,2026-08-18 05:25:00,2.84,208.75,Toledo,Boiler,B,1,2026-09-11 18:08:51
139,FS-2026-0139,2026-08-25 21:27:00,0.71,232.4,Toledo,Boiler,B,0,2026-09-11 18:08:51
140,FS-2026-0140,2026-08-29 03:31:00,1.19,351.46,Perrysburg,Boiler,B,1,2026-09-11 18:08:51
141,FS-2026-0141,2026-08-03 14:17:00,2.09,396.83,Toledo,Flasher,A,1,2026-09-11 18:08:51
142,FS-2026-0142,2026-08-03 15:17:00,1.87,360.12,Toledo,Flasher,A,0,2026-09-11 18:08:51
143,FS-2026-0143,2026-08-07 22:41:00,2.32,398.56,Perrysburg,Flasher,A,1,2026-09-11 18:08:51
144,FS-2026-0144,2026-08-10 14:25:00,2.81,391.54,Toledo,Boiler,B,1,2026-09-11 18:08:51
145,FS-2026-0145,2026-08-21 00:46:00,1.13,314.29,Perrysburg,Boiler,B,1,2026-09-11 18:08:51
146,FS-2026-0146,2026-08-08 19:32:00,2.03,233.46,Perrysburg,Flasher,A,1,2026-09-11 18:08:51
147,FS-2026-0147,2026-08-07 03:47:00,2.27,274.48,Toledo,Boiler,A,1,2026-09-11 18:08:51
148,FS-2026-0148,2026-08-30 11:33:00,1.93,281.65,Perrysburg,Flasher,B,1,2026-09-11 18:08:51
149,FS-2026-0149,2026-08-19 08:35:00,1.01,209.75,Perrysburg,Flasher,B,0,2026-09-11 18:08:51
150,FS-2026-0150,2026-08-15 04:47:00,1.11,290.62,Toledo,Flasher,A,0,2026-09-11 18:08:51
151,FS-2026-0151,2026-08-06 14:02:00,1.79,206.6,Perrysburg,Boiler,B,0,2026-09-11 18:08:51
152,FS-2026-0152,2026-08-16 23:49:00,2.39,381.43,Perrysburg,Boiler,A,0,2026-09-11 18:08:51
153,FS-2026-0153,2026-08-30 10:49:00,1.93,370.97,Toledo,Flasher,A,1,2026-09-11 18:08:51
154,FS-2026-0154,2026-08-26 12:36:00,0.94,277.19,Perrysburg,Boiler,B,1,2026-09-11 18:08:51
155,FS-2026-0155,2026-08-15 17:34:00,0.84,228.6,Toledo,Boiler,B,1,2026-09-11 18:08:51
156,FS-2026-0156,2026-08-08 20:51:00,2.04,211.48,Perrysburg,Flasher,A,0,2026-09-11 18:08:51
157,FS-2026-0157,2026-08-30 15:42:00,2.97,300.63,Perrysburg,Boiler,B,0,2026-09-11 18:08:51
158,FS-2026-0158,2026-08-25 23:15:00,2.12,356.56,Perrysburg,Flasher,B,0,2026-09-11 18:08:51
159,FS-2026-0159,2026-08-19 13:27:00,1.33,233.95,Perrysburg,Boiler,B,1,2026-09-11 18:08:51
160,FS-2026-0160,2026-08-08 19:45:00,2.31,263.55,Toledo,Boiler,B,1,2026-09-11 18:08:51
161,FS-2026-0161,2026-08-11 01:51:00,1.04,346.29,Toledo,Boiler,A,1,2026-09-11 18:08:51
162,FS-2026-0162,2026-08-11 10:06:00,0.84,396.04,Toledo,Flasher,A,0,2026-09-11 18:08:51
163,FS-2026-0163,2026-08-29 18:26:00,0.68,257.31,Toledo,Flasher,A,1,2026-09-11 18:08:51
164,FS-2026-0164,2026-08-06 23:49:00,1.94,204.03,Toledo,Flasher,A,1,2026-09-11 18:08:51
165,FS-2026-0165,2026-08-18 18:32:00,2.09,379.98,Perrysburg,Flasher,A,0,2026-09-11 18:08:51
166,FS-2026-0166,2026-08-17 19:20:00,2.67,366.5,Toledo,Flasher,A,1,2026-09-11 18:08:51
167,FS-2026-0167,2026-08-18 17:47:00,2.12,363.48,Perrysburg,Flasher,A,1,2026-09-11 18:08:51
168,FS-2026-0168,2026-08-04 10:59:00,2.41,397.64,Perrysburg,Flasher,A,1,2026-09-11 18:08:51
169,FS-2026-0169,2026-08-19 09:37:00,1.35,390.72,Toledo,Boiler,A,0,2026-09-11 18:08:51
170,FS-2026-0170,2026-08-24 23:29:00,2.88,348.89,Toledo,Boiler,B,0,2026-09-11 18:08:51
171,FS-2026-0171,2026-08-28 09:08:00,0.68,266.73,Toledo,Flasher,B,1,2026-09-11 18:08:51
172,FS-2026-0172,2026-08-19 17:39:00,1.84,321.42,Perrysburg,Boiler,B,0,2026-09-11 18:08:51
173,FS-2026-0173,2026-08-27 23:27:00,1.83,254.0,Toledo,Flasher,B,0,2026-09-11 18:08:51
174,FS-2026-0174,2026-08-05 11:22:00,1.04,367.32,Perrysburg,Boiler,B,1,2026-09-11 18:08:51
175,FS-2026-0175,2026-08-04 20:20:00,2.38,279.78,Toledo,Boiler,B,1,2026-09-11 18:08:51
176,FS-2026-0176,2026-08-26 01:25:00,2.03,251.5,Perrysburg,Flasher,A,0,2026-09-11 18:08:51
177,FS-2026-0177,2026-08-16 02:33:00,0.82,371.27,Perrysburg,Flasher,A,1,2026-09-11 18:08:51
178,FS-2026-0178,2026-08-09 00:11:00,1.37,350.33,Toledo,Flasher,A,1,2026-09-11 18:08:51
179,FS-2026-0179,2026-08-26 09:15:00,2.14,217.13,Perrysburg,Flasher,A,0,2026-09-11 18:08:51
180,FS-2026-0180,2026-08-09 20:49:00,1.32,231.56,Toledo,Boiler,B,1,2026-09-11 18:08:51
181,FS-2026-0181,2026-08-15 19:16:00,2.43,396.62,Perrysburg,Boiler,B,0,2026-09-11 18:08:51
182,FS-2026-0182,2026-08-25 10:14:00,2.17,374.91,Perrysburg,Boiler,A,1,2026-09-11 18:08:51
183,FS-2026-0183,2026-08-19 07:57:00,2.75,308.31,Toledo,Flasher,B,1,2026-09-11 18:08:51
184,FS-2026-0184,2026-08-09 18:35:00,0.88,338.23,Perrysburg,Flasher,A,1,2026-09-11 18:08:51
185,FS-2026-0185,2026-08-23 17:45:00,0.83,381.1,Toledo,Boiler,A,1,2026-09-11 18:08:51
186,FS-2026-0186,2026-08-16 21:43:00,2.17,352.87,Perrysburg,Boiler,A,1,2026-09-11 18:08:51
187,FS-2026-0187,2026-08-21 18:41:00,2.98,399.17,Perrysburg,Boiler,B,0,2026-09-11 18:08:51
188,FS-2026-0188,2026-08-28 10:30:00,1.99,388.61,Perrysburg,Boiler,A,1,2026-09-11 18:08:51
189,FS-2026-0189,2026-08-19 06:08:00,2.88,280.69,Perrysburg,Boiler,A,0,2026-09-11 18:08:51
190,FS-2026-0190,2026-08-17 20:24:00,1.56,384.82,Toledo,Flasher,B,0,2026-09-11 18:08:51
191,FS-2026-0191,2026-08-15 12:27:00,0.89,317.83,Perrysburg,Boiler,A,1,2026-09-11 18:08:51
192,FS-2026-0192,2026-08-06 10:05:00,1.18,309.97,Perrysburg,Flasher,A,1,2026-09-11 18:08:51
193,FS-2026-0193,2026-08-03 02:50:00,2.19,346.66,Toledo,Flasher,A,1,2026-09-11 18:08:51
194,FS-2026-0194,2026-08-04 14:23:00,2.94,322.75,Toledo,Boiler,B,0,2026-09-11 18:08:51
195,FS-2026-0195,2026-08-11 14:15:00,2.17,280.26,Perrysburg,Boiler,A,0,2026-09-11 18:08:51
196,FS-2026-0196,2026-08-10 23:00:00,0.86,350.23,Toledo,Boiler,A,0,2026-09-11 18:08:51
197,FS-2026-0197,2026-08-11 18:05:00,2.28,278.06,Toledo,Boiler,A,1,2026-09-11 18:08:51
198,FS-2026-0198,2026-08-13 10:44:00,1.46,261.19,Toledo,Boiler,A,0,2026-09-11 18:08:51
199,FS-2026-0199,2026-08-19 22:07:00,2.55,267.64,Perrysburg,Boiler,B,1,2026-09-11 18:08:51
200,FS-2026-0200,2026-08-14 18:11:00,1.87,239.71,Toledo,Flasher,B,1,2026-09-11 18:08:51
201,FS-2026-0201,2026-08-02 10:12:00,2.13,337.46,Perrysburg,Boiler,A,0,2026-09-11 18:08:51
202,FS-2026-0202,2026-08-15 12:37:00,1.0,290.72,Perrysburg,Boiler,A,0,2026-09-11 18:08:51
203,FS-2026-0203,2026-08-10 18:30:00,0.81,316.78,Perrysburg,Flasher,A,1,2026-09-11 18:08:51
204,FS-2026-0204,2026-08-20 18:17:00,1.87,327.73,Toledo,Boiler,A,0,2026-09-11 18:08:51
205,FS-2026-0205,2026-08-14 14:13:00,2.4,244.55,Perrysburg,Flasher,B,0,2026-09-11 18:08:51
206,FS-2026-0206,2026-08-21 06:54:00,0.68,393.7,Toledo,Boiler,A,1,2026-09-11 18:08:51
207,FS-2026-0207,2026-08-18 08:12:00,1.97,231.72,Perrysburg,Flasher,B,0,2026-09-11 18:08:51
208,FS-2026-0208,2026-08-06 09:12:00,2.41,294.97,Perrysburg,Boiler,A,1,2026-09-11 18:08:51
209,FS-2026-0209,2026-08-26 08:17:00,2.75,305.16,Perrysburg,Flasher,A,0,2026-09-11 18:08:51
210,FS-2026-0210,2026-08-08 02:49:00,2.02,266.11,Toledo,Flasher,A,0,2026-09-11 18:08:51
211,FS-2026-0211,2026-08-17 10:42:00,1.05,306.18,Toledo,Boiler,A,1,2026-09-11 18:08:51
212,FS-2026-0212,2026-08-03 06:28:00,0.53,251.69,Toledo,Boiler,B,1,2026-09-11 18:08:51
213,FS-2026-0213,2026-08-10 17:17:00,2.38,255.57,Perrysburg,Boiler,B,0,2026-09-11 18:08:51
214,FS-2026-0214,2026-08-14 13:34:00,1.18,351.59,Toledo,Boiler,A,0,2026-09-11 18:08:51
215,FS-2026-0215,2026-08-05 09:00:00,1.45,282.94,Perrysburg,Flasher,A,0,2026-09-11 18:08:51
216,FS-2026-0216,2026-08-14 16:03:00,2.27,235.73,Toledo,Flasher,B,0,2026-09-11 18:08:51
217,FS-2026-0217,2026-08-15 17:37:00,1.78,258.94,Toledo,Flasher,B,0,2026-09-11 18:08:51
218,FS-2026-0218,2026-08-15 08:22:00,0.86,375.51,Toledo,Boiler,A,0,2026-09-11 18:08:51
219,FS-2026-0219,2026-08-21 02:14:00,0.85,242.66,Toledo,Boiler,A,1,2026-09-11 18:08:51
220,FS-2026-0220,2026-08-29 13:56:00,0.57,337.67,Toledo,Flasher,B,1,2026-09-11 18:08:51
221,FS-2026-0221,2026-08-24 21:12:00,2.27,343.56,Perrysburg,Boiler,A,1,2026-09-11 18:08:51
222,FS-2026-0222,2026-08-05 15:44:00,2.23,306.82,Perrysburg,Boiler,B,1,2026-09-11 18:08:51
223,FS-2026-0223,2026-08-02 22:14:00,2.9,301.05,Toledo,Boiler,A,1,2026-09-11 18:08:51
224,FS-2026-0224,2026-08-23 06:26:00,1.49,282.06,Toledo,Boiler,B,0,2026-09-11 18:08:51
225,FS-2026-0225,2026-08-22 03:15:00,1.29,320.65,Toledo,Boiler,A,0,2026-09-11 18:08:51
226,FS-2026-0226,2026-08-21 09:32:00,1.1,260.19,Toledo,Boiler,B,0,2026-09-11 18:08:51
227,FS-2026-0227,2026-08-22 19:50:00,0.95,362.26,Toledo,Flasher,A,1,2026-09-11 18:08:51
228,FS-2026-0228,2026-08-14 03:33:00,1.08,214.68,Perrysburg,Boiler,A,0,2026-09-11 18:08:51
229,FS-2026-0229,2026-08-04 02:23:00,1.51,384.43,Perrysburg,Flasher,A,0,2026-09-11 18:08:51
230,FS-2026-0230,2026-08-19 17:22:00,1.71,365.63,Toledo,Flasher,A,0,2026-09-11 18:08:51
231,FS-2026-0231,2026-08-05 13:30:00,0.56,227.19,Perrysburg,Boiler,A,1,2026-09-11 18:08:51
232,FS-2026-0232,2026-08-02 23:51:00,1.2,272.86,Perrysburg,Boiler,A,0,2026-09-11 18:08:51
233,FS-2026-0233,2026-08-19 12:23:00,2.54,298.75,Toledo,Boiler,A,0,2026-09-11 18:08:51
234,FS-2026-0234,2026-08-09 12:07:00,2.5,245.68,Perrysburg,Boiler,B,0,2026-09-11 18:08:51
235,FS-2026-0235,2026-08-17 13:00:00,2.36,205.89,Perrysburg,Flasher,A,0,2026-09-11 18:08:51
236,FS-2026-0236,2026-08-25 15:56:00,2.5,260.23,Perrysburg,Boiler,A,1,2026-09-11 18:08:51
237,FS-2026-0237,2026-08-19 17:17:00,2.36,306.76,Perrysburg,Boiler,B,1,2026-09-11 18:08:51
238,FS-2026-0238,2026-08-18 19:27:00,0.74,231.66,Toledo,Boiler,B,0,2026-09-11 18:08:51
239,FS-2026-0239,2026-08-22 03:35:00,2.95,343.67,Toledo,Flasher,B,0,2026-09-11 18:08:51
240,FS-2026-0240,2026-08-11 20:58:00,1.01,382.13,Toledo,Flasher,B,1,2026-09-11 18:08:51
241,FS-2026-0241,2026-08-08 22:55:00,1.15,376.9,Toledo,Flasher,B,1,2026-09-11 18:08:51
242,FS-2026-0242,2026-08-09 16:51:00,2.95,226.0,Perrysburg,Boiler,A,0,2026-09-11 18:08:51
243,FS-2026-0243,2026-08-19 09:54:00,1.66,241.0,Toledo,Flasher,B,1,2026-09-11 18:08:51
244,FS-2026-0244,2026-08-13 07:52:00,2.85,292.11,Toledo,Boiler,B,1,2026-09-11 18:08:51
245,FS-2026-0245,2026-08-16 11:37:00,0.75,227.23,Perrysburg,Boiler,B,0,2026-09-11 18:08:51
246,FS-2026-0246,2026-08-01 00:15:00,0.52,385.75,Perrysburg,Flasher,B,0,2026-09-11 18:08:51
247,FS-2026-0247,2026-08-14 20:30:00,1.35,398.59,Toledo,Flasher,B,0,2026-09-11 18:08:51
248,FS-2026-0248,2026-08-01 03:41:00,1.14,328.46,Perrysburg,Flasher,A,0,2026-09-11 18:08:51
249,FS-2026-0249,2026-08-25 14:01:00,0.93,289.48,Toledo,Boiler,B,1,2026-09-11 18:08:51
250,FS-2026-0250,2026-08-20 14:00:00,2.25,213.98,Perrysburg,Flasher,A,0,2026-09-11 18:08:51
251,FS-2026-0251,2026-08-10 17:34:00,2.39,321.7,Perrysburg,Boiler,A,0,2026-09-11 18:08:51
252,FS-2026-0252,2026-08-05 02:31:00,0.74,326.88,Perrysburg,Boiler,A,1,2026-09-11 18:08:51
253,FS-2026-0253,2026-08-05 07:18:00,0.88,337.67,Toledo,Boiler,A,0,2026-09-11 18:08:51
254,FS-2026-0254,2026-08-26 16:22:00,2.34,269.84,Perrysburg,Boiler,B,1,2026-09-11 18:08:51
255,FS-2026-0255,2026-08-25 05:33:00,1.3,282.18,Toledo,Boiler,A,1,2026-09-11 18:08:51
256,FS-2026-0256,2026-08-05 17:57:00,1.42,273.63,Perrysburg,Flasher,B,0,2026-09-11 18:08:51
257,FS-2026-0257,2026-08-30 07:05:00,2.15,233.69,Toledo,Flasher,B,0,2026-09-11 18:08:51
258,FS-2026-0258,2026-08-21 18:47:00,2.95,329.88,Toledo,Boiler,A,0,2026-09-11 18:08:51
259,FS-2026-0259,2026-08-21 22:24:00,0.92,342.75,Perrysburg,Boiler,B,0,2026-09-11 18:08:51
260,FS-2026-0260,2026-08-05 21:29:00,0.97,236.31,Toledo,Boiler,A,1,2026-09-11 18:08:51
261,FS-2026-0261,2026-08-13 00:08:00,0.54,382.67,Toledo,Boiler,B,1,2026-09-11 18:08:51
262,FS-2026-0262,2026-08-20 19:27:00,1.18,333.51,Perrysburg,Flasher,B,1,2026-09-11 18:08:51
263,FS-2026-0263,2026-08-11 22:49:00,3.0,266.26,Perrysburg,Boiler,A,0,2026-09-11 18:08:51
264,FS-2026-0264,2026-08-10 16:02:00,1.66,395.69,Perrysburg,Boiler,A,0,2026-09-11 18:08:51
265,FS-2026-0265,2026-08-09 10:26:00,2.15,230.23,Perrysburg,Boiler,A,1,2026-09-11 18:08:51
266,FS-2026-0266,2026-08-06 03:55:00,1.7,202.12,Toledo,Flasher,A,1,2026-09-11 18:08:51
267,FS-2026-0267,2026-08-06 07:15:00,2.16,361.23,Perrysburg,Flasher,A,1,2026-09-11 18:08:51
268,FS-2026-0268,2026-08-11 06:39:00,1.8,367.19,Toledo,Flasher,A,0,2026-09-11 18:08:51
269,FS-2026-0269,2026-08-16 11:32:00,1.84,240.98,Toledo,Boiler,A,1,2026-09-11 18:08:51
270,FS-2026-0270,2026-08-27 00:40:00,2.6,209.43,Toledo,Flasher,B,1,2026-09-11 18:08:51
271,FS-2026-0271,2026-08-25 13:52:00,0.77,388.67,Toledo,Flasher,B,0,2026-09-11 18:08:51
272,FS-2026-0272,2026-08-10 13:53:00,1.0,310.02,Perrysburg,Flasher,A,0,2026-09-11 18:08:51
273,FS-2026-0273,2026-08-08 09:08:00,0.93,270.56,Perrysburg,Flasher,A,1,2026-09-11 18:08:51
274,FS-2026-0274,2026-08-08 00:25:00,2.37,309.67,Toledo,Boiler,A,0,2026-09-11 18:08:51
275,FS-2026-0275,2026-08-05 03:30:00,1.95,351.07,Toledo,Flasher,A,1,2026-09-11 18:08:51
276,FS-2026-0276,2026-08-24 07:45:00,2.79,219.68,Toledo,Flasher,B,0,2026-09-11 18:08:51
277,FS-2026-0277,2026-08-01 11:45:00,1.72,277.26,Perrysburg,Boiler,A,0,2026-09-11 18:08:51
278,FS-2026-0278,2026-08-09 14:17:00,1.24,256.81,Perrysburg,Flasher,A,0,2026-09-11 18:08:51
279,FS-2026-0279,2026-08-27 02:12:00,1.23,390.21,Toledo,Boiler,B,1,2026-09-11 18:08:51
280,FS-2026-0280,2026-08-28 08:57:00,2.72,296.32,Toledo,Boiler,B,0,2026-09-11 18:08:51
281,FS-2026-0281,2026-08-19 13:07:00,1.25,382.93,Perrysburg,Flasher,A,1,2026-09-11 18:08:51
282,FS-2026-0282,2026-08-06 14:12:00,1.44,270.26,Toledo,Flasher,A,1,2026-09-11 18:08:51
283,FS-2026-0283,2026-08-08 13:52:00,1.74,332.98,Perrysburg,Boiler,A,0,2026-09-11 18:08:51
284,FS-2026-0284,2026-08-20 16:28:00,2.72,267.42,Toledo,Boiler,A,0,2026-09-11 18:08:51
285,FS-2026-0285,2026-08-19 00:16:00,1.69,316.77,Perrysburg,Flasher,B,1,2026-09-11 18:08:51
286,FS-2026-0286,2026-08-03 20:55:00,0.91,285.75,Perrysburg,Flasher,A,0,2026-09-11 18:08:51
287,FS-2026-0287,2026-08-05 07:59:00,1.01,212.73,Perrysburg,Flasher,A,0,2026-09-11 18:08:51
288,FS-2026-0288,2026-08-21 13:54:00,2.34,257.33,Toledo,Flasher,A,0,2026-09-11 18:08:51
289,FS-2026-0289,2026-08-20 10:22:00,2.56,374.93,Toledo,Flasher,B,0,2026-09-11 18:08:51
290,FS-2026-0290,2026-08-20 10:57:00,2.23,229.89,Toledo,Flasher,B,1,2026-09-11 18:08:51
291,FS-2026-0291,2026-08-23 02:25:00,2.09,239.66,Toledo,Flasher,B,1,2026-09-11 18:08:51
292,FS-2026-0292,2026-08-28 11:24:00,2.85,360.33,Perrysburg,Flasher,A,0,2026-09-11 18:08:51
293,FS-2026-0293,2026-08-15 18:44:00,2.37,263.99,Toledo,Boiler,B,0,2026-09-11 18:08:51
294,FS-2026-0294,2026-08-08 10:01:00,1.64,317.36,Perrysburg,Flasher,A,1,2026-09-11 18:08:51
295,FS-2026-0295,2026-08-25 14:59:00,1.68,249.66,Perrysburg,Flasher,A,0,2026-09-11 18:08:51
296,FS-2026-0296,2026-08-21 17:43:00,2.17,301.51,Perrysburg,Flasher,B,0,2026-09-11 18:08:51
297,FS-2026-0297,2026-08-15 07:40:00,0.68,349.87,Perrysburg,Flasher,B,1,2026-09-11 18:08:51
298,FS-2026-0298,2026-08-24 17:53:00,2.13,352.16,Toledo,Flasher,A,1,2026-09-11 18:08:51
299,FS-2026-0299,2026-08-19 01:51:00,1.26,369.87,Perrysburg,Flasher,A,0,2026-09-11 18:08:51
300,FS-2026-0300,2026-08-29 03:54:00,1.17,357.67,Toledo,Boiler,B,0,2026-09-11 18:08:51
301,FS-2026-0301,2026-08-07 14:12:00,1.79,316.54,Perrysburg,Flasher,A,1,2026-09-11 18:08:51
302,FS-2026-0302,2026-08-06 03:39:00,1.35,202.35,Toledo,Flasher,B,0,2026-09-11 18:08:51
303,FS-2026-0303,2026-08-22 06:17:00,2.14,348.49,Perrysburg,Flasher,A,0,2026-09-11 18:08:51
304,FS-2026-0304,2026-08-20 04:26:00,0.82,307.17,Perrysburg,Boiler,A,0,2026-09-11 18:08:51
305,FS-2026-0305,2026-08-20 21:57:00,1.08,338.14,Perrysburg,Boiler,B,0,2026-09-11 18:08:51
306,FS-2026-0306,2026-08-08 23:57:00,1.71,244.36,Toledo,Flasher,B,0,2026-09-11 18:08:51
307,FS-2026-0307,2026-08-20 22:09:00,1.28,246.42,Toledo,Boiler,A,0,2026-09-11 18:08:51
308,FS-2026-0308,2026-08-10 03:35:00,2.21,285.34,Toledo,Flasher,A,1,2026-09-11 18:08:51
309,FS-2026-0309,2026-08-16 14:56:00,2.86,286.16,Toledo,Flasher,B,0,2026-09-11 18:08:51
310,FS-2026-0310,2026-08-27 03:27:00,2.97,254.15,Perrysburg,Boiler,A,0,2026-09-11 18:08:51
311,FS-2026-0311,2026-08-10 18:55:00,2.89,335.49,Perrysburg,Boiler,A,1,2026-09-11 18:08:51
312,FS-2026-0312,2026-08-13 23:47:00,1.06,248.46,Toledo,Flasher,A,1,2026-09-11 18:08:51
313,FS-2026-0313,2026-08-10 21:45:00,1.51,372.55,Perrysburg,Boiler,B,1,2026-09-11 18:08:51
314,FS-2026-0314,2026-08-20 03:45:00,1.28,278.63,Perrysburg,Boiler,B,0,2026-09-11 18:08:51
315,FS-2026-0315,2026-08-15 08:56:00,0.56,230.92,Toledo,Boiler,A,1,2026-09-11 18:08:51
316,FS-2026-0316,2026-08-30 20:47:00,2.87,385.55,Perrysburg,Flasher,A,1,2026-09-11 18:08:51
317,FS-2026-0317,2026-08-19 16:37:00,2.55,378.81,Perrysburg,Flasher,B,0,2026-09-11 18:08:51
318,FS-2026-0318,2026-08-24 21:51:00,0.63,232.75,Perrysburg,Boiler,B,0,2026-09-11 18:08:51
319,FS-2026-0319,2026-08-05 10:54:00,2.57,374.02,Perrysburg,Boiler,B,1,2026-09-11 18:08:51
320,FS-2026-0320,2026-08-12 12:29:00,1.28,365.8,Perrysburg,Flasher,B,0,2026-09-11 18:08:51
321,FS-2026-0321,2026-08-03 13:50:00,2.47,247.57,Perrysburg,Boiler,A,1,2026-09-11 18:08:51
322,FS-2026-0322,2026-08-20 19:22:00,2.57,265.51,Perrysburg,Flasher,B,0,2026-09-11 18:08:51
323,FS-2026-0323,2026-08-26 13:54:00,2.51,290.76,Perrysburg,Flasher,A,0,2026-09-11 18:08:51
324,FS-2026-0324,2026-08-28 15:00:00,1.24,256.76,Perrysburg,Flasher,B,0,2026-09-11 18:08:51
325,FS-2026-0325,2026-08-02 14:49:00,1.9,396.24,Perrysburg,Flasher,B,0,2026-09-11 18:08:51
326,FS-2026-0326,2026-08-19 15:55:00,0.77,236.97,Perrysburg,Flasher,B,1,2026-09-11 18:08:51
327,FS-2026-0327,2026-08-18 16:33:00,2.83,387.04,Perrysburg,Flasher,A,1,2026-09-11 18:08:51
328,FS-2026-0328,2026-08-19 10:00:00,0.6,221.03,Toledo,Boiler,B,1,2026-09-11 18:08:51
329,FS-2026-0329,2026-08-29 04:33:00,0.63,246.03,Perrysburg,Flasher,B,0,2026-09-11 18:08:51
330,FS-2026-0330,2026-08-28 09:19:00,1.76,217.8,Toledo,Flasher,B,1,2026-09-11 18:08:51
331,FS-2026-0331,2026-08-03 16:17:00,0.54,218.27,Toledo,Boiler,A,1,2026-09-11 18:08:51
332,FS-2026-0332,2026-08-20 23:20:00,1.55,290.39,Toledo,Boiler,A,0,2026-09-11 18:08:51
333,FS-2026-0333,2026-08-26 11:42:00,1.12,352.88,Perrysburg,Flasher,B,1,2026-09-11 18:08:51
334,FS-2026-0334,2026-08-04 23:23:00,2.02,261.02,Toledo,Flasher,A,0,2026-09-11 18:08:51
335,FS-2026-0335,2026-08-06 01:47:00,1.45,340.9,Perrysburg,Flasher,A,1,2026-09-11 18:08:51
336,FS-2026-0336,2026-08-24 13:09:00,0.79,342.96,Perrysburg,Flasher,B,0,2026-09-11 18:08:51
337,FS-2026-0337,2026-08-20 07:51:00,1.7,200.52,Perrysburg,Boiler,A,0,2026-09-11 18:08:51
338,FS-2026-0338,2026-08-27 08:01:00,1.86,254.8,Perrysburg,Flasher,B,1,2026-09-11 18:08:51
339,FS-2026-0339,2026-08-30 05:39:00,2.14,268.33,Perrysburg,Flasher,A,0,2026-09-11 18:08:51
340,FS-2026-0340,2026-08-30 21:25:00,0.56,263.27,Toledo,Boiler,A,1,2026-09-11 18:08:51
341,FS-2026-0341,2026-08-13 01:31:00,0.94,241.08,Toledo,Flasher,B,1,2026-09-11 18:08:51
342,FS-2026-0342,2026-08-05 10:07:00,2.56,380.52,Toledo,Flasher,A,1,2026-09-11 18:08:51
343,FS-2026-0343,2026-08-18 23:02:00,1.33,240.33,Perrysburg,Flasher,B,1,2026-09-11 18:08:51
344,FS-2026-0344,2026-08-12 09:45:00,1.13,302.63,Perrysburg,Boiler,B,0,2026-09-11 18:08:51
345,FS-2026-0345,2026-08-05 14:21:00,0.91,387.85,Perrysburg,Flasher,B,0,2026-09-11 18:08:51
346,FS-2026-0346,2026-08-17 06:40:00,2.02,299.89,Perrysburg,Flasher,B,1,2026-09-11 18:08:51
347,FS-2026-0347,2026-08-06 19:17:00,1.43,272.47,Perrysburg,Flasher,B,0,2026-09-11 18:08:51
348,FS-2026-0348,2026-08-02 07:19:00,2.46,314.73,Perrysburg,Boiler,B,1,2026-09-11 18:08:51
349,FS-2026-0349,2026-08-02 02:15:00,1.62,392.7,Toledo,Boiler,B,1,2026-09-11 18:08:51
350,FS-2026-0350,2026-08-15 16:52:00,1.06,288.55,Toledo,Boiler,B,1,2026-09-11 18:08:51
351,FS-2026-0351,2026-08-14 10:39:00,1.34,273.45,Toledo,Flasher,B,0,2026-09-11 18:08:51
352,FS-2026-0352,2026-08-28 03:52:00,2.23,334.01,Perrysburg,Flasher,B,1,2026-09-11 18:08:51
353,FS-2026-0353,2026-08-05 20:41:00,2.45,364.55,Perrysburg,Flasher,B,1,2026-09-11 18:08:51
354,FS-2026-0354,2026-08-19 22:39:00,2.17,204.8,Perrysburg,Boiler,A,1,2026-09-11 18:08:51
355,FS-2026-0355,2026-08-20 16:18:00,1.1,316.86,Toledo,Flasher,A,0,2026-09-11 18:08:51
356,FS-2026-0356,2026-08-30 23:57:00,1.36,222.72,Perrysburg,Boiler,A,0,2026-09-11 18:08:51
357,FS-2026-0357,2026-08-12 18:18:00,2.09,323.03,Toledo,Boiler,A,1,2026-09-11 18:08:51
358,FS-2026-0358,2026-08-17 05:42:00,1.17,225.08,Perrysburg,Flasher,A,0,2026-09-11 18:08:51
359,FS-2026-0359,2026-08-26 22:03:00,1.64,333.74,Toledo,Flasher,B,1,2026-09-11 18:08:51
360,FS-2026-0360,2026-08-02 01:55:00,1.26,232.41,Toledo,Boiler,A,0,2026-09-11 18:08:51
361,FS-2026-0361,2026-08-21 22:06:00,2.28,348.57,Perrysburg,Flasher,B,0,2026-09-11 18:08:51
362,FS-2026-0362,2026-08-15 08:57:00,1.64,201.31,Toledo,Boiler,B,0,2026-09-11 18:08:51
363,FS-2026-0363,2026-08-28 14:07:00,1.1,384.75,Toledo,Flasher,A,0,2026-09-11 18:08:51
364,FS-2026-0364,2026-08-08 08:03:00,0.93,336.96,Perrysburg,Boiler,A,1,2026-09-11 18:08:51
365,FS-2026-0365,2026-08-27 02:15:00,2.93,334.74,Perrysburg,Flasher,B,0,2026-09-11 18:08:51
366,FS-2026-0366,2026-08-11 18:40:00,2.67,251.58,Perrysburg,Boiler,A,1,2026-09-11 18:08:51
367,FS-2026-0367,2026-08-06 07:42:00,0.74,360.08,Perrysburg,Boiler,A,1,2026-09-11 18:08:51
368,FS-2026-0368,2026-08-10 09:10:00,2.31,305.61,Perrysburg,Boiler,A,1,2026-09-11 18:08:51
369,FS-2026-0369,2026-08-10 04:49:00,1.03,238.11,Toledo,Boiler,A,1,2026-09-11 18:08:51
370,FS-2026-0370,2026-08-05 08:45:00,1.28,369.94,Toledo,Boiler,B,0,2026-09-11 18:08:51
371,FS-2026-0371,2026-08-09 14:34:00,2.33,313.77,Toledo,Boiler,A,0,2026-09-11 18:08:51
372,FS-2026-0372,2026-08-21 12:09:00,2.61,271.0,Toledo,Boiler,A,0,2026-09-11 18:08:51
373,FS-2026-0373,2026-08-23 03:28:00,1.24,301.04,Perrysburg,Boiler,A,1,2026-09-11 18:08:51
374,FS-2026-0374,2026-08-08 13:24:00,1.04,368.92,Toledo,Flasher,B,0,2026-09-11 18:08:51
375,FS-2026-0375,2026-08-20 17:44:00,2.38,258.93,Toledo,Boiler,B,0,2026-09-11 18:08:51
376,FS-2026-0376,2026-08-11 22:09:00,2.07,306.4,Perrysburg,Boiler,A,1,2026-09-11 18:08:51
377,FS-2026-0377,2026-08-27 12:09:00,1.26,232.25,Toledo,Boiler,B,0,2026-09-11 18:08:51
378,FS-2026-0378,2026-08-30 19:46:00,1.5,385.19,Toledo,Boiler,B,0,2026-09-11 18:08:51
379,FS-2026-0379,2026-08-25 19:33:00,1.68,353.97,Perrysburg,Flasher,A,1,2026-09-11 18:08:51
380,FS-2026-0380,2026-08-26 19:34:00,1.6,387.78,Perrysburg,Flasher,B,0,2026-09-11 18:08:51
381,FS-2026-0381,2026-08-10 02:30:00,0.56,388.52,Perrysburg,Boiler,B,1,2026-09-11 18:08:51
382,FS-2026-0382,2026-08-06 08:48:00,1.84,347.07,Toledo,Boiler,A,1,2026-09-11 18:08:51
383,FS-2026-0383,2026-08-11 15:34:00,0.88,205.47,Perrysburg,Boiler,B,1,2026-09-11 18:08:51
384,FS-2026-0384,2026-08-30 17:21:00,1.26,361.77,Perrysburg,Boiler,B,0,2026-09-11 18:08:51
385,FS-2026-0385,2026-08-30 14:23:00,1.95,317.32,Perrysburg,Boiler,A,1,2026-09-11 18:08:51
386,FS-2026-0386,2026-08-20 23:43:00,1.14,298.34,Perrysburg,Boiler,A,0,2026-09-11 18:08:51
387,FS-2026-0387,2026-08-21 21:03:00,2.76,396.6,Toledo,Flasher,A,0,2026-09-11 18:08:51
388,FS-2026-0388,2026-08-02 01:16:00,1.99,337.56,Perrysburg,Flasher,A,1,2026-09-11 18:08:51
389,FS-2026-0389,2026-08-07 23:29:00,1.96,264.01,Perrysburg,Boiler,A,1,2026-09-11 18:08:51
390,FS-2026-0390,2026-08-11 07:36:00,1.66,295.97,Perrysburg,Boiler,B,0,2026-09-11 18:08:51
391,FS-2026-0391,2026-08-24 12:41:00,2.31,268.19,Toledo,Boiler,B,1,2026-09-11 18:08:51
392,FS-2026-0392,2026-08-08 16:34:00,0.63,319.68,Toledo,Flasher,A,0,2026-09-11 18:08:51
393,FS-2026-0393,2026-08-30 13:48:00,2.45,220.02,Perrysburg,Flasher,A,1,2026-09-11 18:08:51
394,FS-2026-0394,2026-08-05 11:39:00,1.11,344.27,Toledo,Flasher,B,0,2026-09-11 18:08:51
395,FS-2026-0395,2026-08-06 09:40:00,2.7,397.98,Perrysburg,Flasher,A,1,2026-09-11 18:08:51
396,FS-2026-0396,2026-08-15 21:34:00,1.22,286.21,Perrysburg,Flasher,B,1,2026-09-11 18:08:51
397,FS-2026-0397,2026-08-03 09:08:00,2.57,268.07,Perrysburg,Flasher,B,0,2026-09-11 18:08:51
398,FS-2026-0398,2026-08-19 23:08:00,2.44,387.27,Toledo,Boiler,A,1,2026-09-11 18:08:51
399,FS-2026-0399,2026-08-11 20:06:00,2.24,309.18,Toledo,Flasher,B,1,2026-09-11 18:08:51
400,FS-2026-0400,2026-08-26 15:42:00,1.02,357.09,Toledo,Flasher,B,1,2026-09-11 18:08:51
401,FS-2026-0401,2026-08-08 08:59:00,1.93,272.2,Toledo,Flasher,A,0,2026-09-11 18:08:51
402,FS-2026-0402,2026-08-26 06:47:00,2.83,236.4,Toledo,Boiler,A,0,2026-09-11 18:08:51
403,FS-2026-0403,2026-08-22 05:28:00,2.63,272.79,Toledo,Boiler,A,0,2026-09-11 18:08:51
404,FS-2026-0404,2026-08-15 02:34:00,1.61,235.95,Toledo,Boiler,B,0,2026-09-11 18:08:51
405,FS-2026-0405,2026-08-20 19:07:00,1.3,377.38,Perrysburg,Flasher,A,1,2026-09-11 18:08:51
406,FS-2026-0406,2026-08-16 02:02:00,2.48,314.77,Toledo,Flasher,B,1,2026-09-11 18:08:51
407,FS-2026-0407,2026-08-12 06:54:00,0.78,386.09,Perrysburg,Flasher,B,1,2026-09-11 18:08:51
408,FS-2026-0408,2026-08-24 22:04:00,1.92,231.41,Toledo,Boiler,A,1,2026-09-11 18:08:51
409,FS-2026-0409,2026-08-27 04:35:00,2.82,367.97,Perrysburg,Flasher,B,1,2026-09-11 18:08:51
410,FS-2026-0410,2026-08-18 08:36:00,2.57,200.4,Toledo,Boiler,A,1,2026-09-11 18:08:51
411,FS-2026-0411,2026-08-12 07:59:00,2.91,377.11,Toledo,Flasher,A,1,2026-09-11 18:08:51
412,FS-2026-0412,2026-08-29 11:42:00,2.91,384.12,Toledo,Flasher,A,0,2026-09-11 18:08:51
413,FS-2026-0413,2026-08-18 21:34:00,1.63,349.42,Toledo,Boiler,B,1,2026-09-11 18:08:51
414,FS-2026-0414,2026-08-18 09:51:00,0.64,339.56,Toledo,Flasher,A,1,2026-09-11 18:08:51
415,FS-2026-0415,2026-08-19 20:37:00,2.77,220.83,Perrysburg,Boiler,B,0,2026-09-11 18:08:51
416,FS-2026-0416,2026-08-23 00:29:00,2.11,317.74,Perrysburg,Flasher,A,1,2026-09-11 18:08:51
417,FS-2026-0417,2026-08-02 23:56:00,1.82,205.1,Perrysburg,Boiler,A,0,2026-09-11 18:08:51
418,FS-2026-0418,2026-08-15 18:44:00,2.66,300.27,Perrysburg,Boiler,A,0,2026-09-11 18:08:51
419,FS-2026-0419,2026-08-05 16:38:00,2.34,369.62,Toledo,Boiler,B,1,2026-09-11 18:08:51
420,FS-2026-0420,2026-08-19 12:23:00,2.71,305.99,Perrysburg,Flasher,B,0,2026-09-11 18:08:51
421,FS-2026-0421,2026-08-12 02:42:00,0.86,371.49,Toledo,Flasher,B,0,2026-09-11 18:08:51
422,FS-2026-0422,2026-08-29 01:53:00,1.92,247.5,Toledo,Flasher,A,0,2026-09-11 18:08:51
423,FS-2026-0423,2026-08-04 12:16:00,1.02,297.79,Perrysburg,Flasher,A,1,2026-09-11 18:08:51
424,FS-2026-0424,2026-08-09 09:25:00,1.8,291.3,Toledo,Boiler,B,1,2026-09-11 18:08:51
425,FS-2026-0425,2026-08-19 18:24:00,1.85,221.21,Toledo,Flasher,B,1,2026-09-11 18:08:51
426,FS-2026-0426,2026-08-29 01:21:00,0.6,345.58,Toledo,Boiler,B,1,2026-09-11 18:08:51
427,FS-2026-0427,2026-08-17 23:24:00,1.69,322.45,Perrysburg,Flasher,A,0,2026-09-11 18:08:51
428,FS-2026-0428,2026-08-27 22:38:00,2.22,387.95,Perrysburg,Boiler,A,0,2026-09-11 18:08:51
429,FS-2026-0429,2026-08-11 20:12:00,1.96,310.63,Toledo,Boiler,A,1,2026-09-11 18:08:51
430,FS-2026-0430,2026-08-06 23:20:00,2.3,369.05,Perrysburg,Boiler,A,0,2026-09-11 18:08:51
431,FS-2026-0431,2026-08-03 02:49:00,0.56,397.04,Toledo,Boiler,B,1,2026-09-11 18:08:51
432,FS-2026-0432,2026-08-21 23:17:00,1.31,369.72,Perrysburg,Boiler,B,1,2026-09-11 18:08:51
433,FS-2026-0433,2026-08-23 10:14:00,2.51,390.76,Toledo,Boiler,A,0,2026-09-11 18:08:51
434,FS-2026-0434,2026-08-08 09:46:00,0.66,351.23,Perrysburg,Boiler,A,0,2026-09-11 18:08:51
435,FS-2026-0435,2026-08-22 16:30:00,2.21,207.87,Perrysburg,Boiler,A,1,2026-09-11 18:08:51
436,FS-2026-0436,2026-08-10 04:17:00,2.86,323.25,Toledo,Boiler,A,0,2026-09-11 18:08:51
437,FS-2026-0437,2026-08-11 13:40:00,0.62,223.58,Toledo,Boiler,A,0,2026-09-11 18:08:51
438,FS-2026-0438,2026-08-12 17:11:00,2.18,201.38,Perrysburg,Boiler,A,0,2026-09-11 18:08:51
439,FS-2026-0439,2026-08-20 03:28:00,2.15,267.12,Perrysburg,Boiler,A,1,2026-09-11 18:08:51
440,FS-2026-0440,2026-08-20 20:21:00,1.52,204.8,Perrysburg,Boiler,B,1,2026-09-11 18:08:51
441,FS-2026-0441,2026-08-09 08:18:00,1.03,339.48,Toledo,Flasher,B,1,2026-09-11 18:08:51
442,FS-2026-0442,2026-08-24 15:02:00,2.94,395.05,Perrysburg,Flasher,B,0,2026-09-11 18:08:51
443,FS-2026-0443,2026-08-20 21:18:00,2.9,368.08,Toledo,Boiler,B,1,2026-09-11 18:08:51
444,FS-2026-0444,2026-08-11 01:38:00,0.66,282.67,Toledo,Boiler,A,0,2026-09-11 18:08:51
445,FS-2026-0445,2026-08-22 13:56:00,2.63,362.17,Toledo,Boiler,A,0,2026-09-11 18:08:51
446,FS-2026-0446,2026-08-22 15:12:00,1.12,333.14,Perrysburg,Flasher,A,0,2026-09-11 18:08:51
447,FS-2026-0447,2026-08-02 17:03:00,0.9,281.49,Perrysburg,Boiler,B,1,2026-09-11 18:08:51
448,FS-2026-0448,2026-08-25 14:16:00,2.67,251.58,Perrysburg,Flasher,B,0,2026-09-11 18:08:51
449,FS-2026-0449,2026-08-05 15:09:00,2.02,326.3,Toledo,Flasher,B,0,2026-09-11 18:08:51
450,FS-2026-0450,2026-08-04 22:03:00,1.72,351.7,Toledo,Flasher,B,1,2026-09-11 18:08:51
451,FS-2026-0451,2026-08-07 21:39:00,1.37,331.78,Toledo,Boiler,A,1,2026-09-11 18:08:51
452,FS-2026-0452,2026-08-06 06:11:00,1.3,341.58,Perrysburg,Boiler,B,0,2026-09-11 18:08:51
453,FS-2026-0453,2026-08-21 23:29:00,2.72,274.06,Perrysburg,Flasher,B,0,2026-09-11 18:08:51
454,FS-2026-0454,2026-08-18 22:30:00,2.31,334.33,Perrysburg,Boiler,A,1,2026-09-11 18:08:51
455,FS-2026-0455,2026-08-06 16:02:00,1.91,397.38,Toledo,Boiler,A,0,2026-09-11 18:08:51
456,FS-2026-0456,2026-08-18 06:48:00,2.68,206.45,Toledo,Flasher,B,1,2026-09-11 18:08:51
457,FS-2026-0457,2026-08-17 06:16:00,1.03,335.75,Perrysburg,Flasher,B,1,2026-09-11 18:08:51
458,FS-2026-0458,2026-08-09 06:21:00,0.98,202.83,Perrysburg,Boiler,A,1,2026-09-11 18:08:51
459,FS-2026-0459,2026-08-10 00:47:00,1.79,273.7,Toledo,Flasher,B,1,2026-09-11 18:08:51
460,FS-2026-0460,2026-08-09 17:34:00,0.58,210.61,Toledo,Boiler,A,1,2026-09-11 18:08:51
461,FS-2026-0461,2026-08-11 08:39:00,1.45,204.51,Perrysburg,Boiler,A,0,2026-09-11 18:08:51
462,FS-2026-0462,2026-08-18 14:33:00,2.9,308.22,Toledo,Boiler,A,0,2026-09-11 18:08:51
463,FS-2026-0463,2026-08-07 16:17:00,2.87,235.51,Perrysburg,Flasher,A,1,2026-09-11 18:08:51
464,FS-2026-0464,2026-08-22 08:55:00,1.16,302.05,Toledo,Boiler,A,0,2026-09-11 18:08:51
465,FS-2026-0465,2026-08-17 08:13:00,1.03,277.89,Toledo,Boiler,B,1,2026-09-11 18:08:51
466,FS-2026-0466,2026-08-27 11:00:00,1.28,338.95,Perrysburg,Boiler,B,1,2026-09-11 18:08:51
467,FS-2026-0467,2026-08-05 03:54:00,1.37,267.87,Perrysburg,Boiler,A,1,2026-09-11 18:08:51
468,FS-2026-0468,2026-08-09 06:16:00,1.07,359.53,Perrysburg,Boiler,B,0,2026-09-11 18:08:51
469,FS-2026-0469,2026-08-16 23:26:00,2.29,363.75,Toledo,Boiler,A,0,2026-09-11 18:08:51
470,FS-2026-0470,2026-08-17 05:49:00,1.76,245.9,Toledo,Boiler,A,1,2026-09-11 18:08:51
471,FS-2026-0471,2026-08-08 20:48:00,2.75,382.11,Toledo,Boiler,A,0,2026-09-11 18:08:51
472,FS-2026-0472,2026-08-21 15:12:00,2.49,201.18,Perrysburg,Boiler,B,1,2026-09-11 18:08:51
473,FS-2026-0473,2026-08-11 13:48:00,2.71,233.59,Perrysburg,Flasher,A,0,2026-09-11 18:08:51
474,FS-2026-0474,2026-08-11 11:56:00,0.65,305.42,Perrysburg,Flasher,A,0,2026-09-11 18:08:51
475,FS-2026-0475,2026-08-20 19:52:00,2.43,240.73,Perrysburg,Flasher,B,0,2026-09-11 18:08:51
476,FS-2026-0476,2026-08-30 22:23:00,2.61,343.22,Toledo,Boiler,B,1,2026-09-11 18:08:51
477,FS-2026-0477,2026-08-05 09:59:00,2.53,268.04,Toledo,Boiler,A,1,2026-09-11 18:08:51
478,FS-2026-0478,2026-08-24 23:27:00,1.49,354.03,Perrysburg,Boiler,B,0,2026-09-11 18:08:51
479,FS-2026-0479,2026-08-13 23:00:00,0.95,319.39,Toledo,Boiler,A,1,2026-09-11 18:08:51
480,FS-2026-0480,2026-08-15 08:37:00,2.74,242.66,Toledo,Boiler,A,0,2026-09-11 18:08:51
481,FS-2026-0481,2026-08-20 05:36:00,1.67,336.65,Toledo,Boiler,B,0,2026-09-11 18:08:51
482,FS-2026-0482,2026-08-29 01:18:00,0.65,263.28,Toledo,Boiler,B,1,2026-09-11 18:08:51
483,FS-2026-0483,2026-08-26 04:49:00,0.69,352.87,Perrysburg,Flasher,A,0,2026-09-11 18:08:51
484,FS-2026-0484,2026-08-14 14:33:00,0.82,360.23,Toledo,Flasher,A,0,2026-09-11 18:08:51
485,FS-2026-0485,2026-08-02 00:57:00,2.43,227.24,Toledo,Flasher,A,1,2026-09-11 18:08:51
486,FS-2026-0486,2026-08-08 01:30:00,1.31,391.41,Toledo,Boiler,B,1,2026-09-11 18:08:51
487,FS-2026-0487,2026-08-15 23:08:00,2.67,206.69,Toledo,Flasher,B,0,2026-09-11 18:08:51
488,FS-2026-0488,2026-08-09 08:57:00,1.62,295.61,Perrysburg,Flasher,B,0,2026-09-11 18:08:51
489,FS-2026-0489,2026-08-21 21:41:00,1.68,337.91,Toledo,Flasher,A,0,2026-09-11 18:08:51
490,FS-2026-0490,2026-08-22 07:08:00,1.08,386.89,Toledo,Boiler,A,1,2026-09-11 18:08:51
491,FS-2026-0491,2026-08-05 22:52:00,1.45,346.51,Perrysburg,Flasher,B,0,2026-09-11 18:08:51
492,FS-2026-0492,2026-08-12 12:05:00,2.8,307.09,Perrysburg,Boiler,A,1,2026-09-11 18:08:51
493,FS-2026-0493,2026-08-16 16:25:00,2.2,356.86,Toledo,Flasher,A,1,2026-09-11 18:08:51
494,FS-2026-0494,2026-08-20 06:26:00,1.64,369.19,Toledo,Boiler,B,0,2026-09-11 18:08:51
495,FS-2026-0495,2026-08-02 22:42:00,2.04,295.07,Perrysburg,Boiler,B,0,2026-09-11 18:08:51
496,FS-2026-0496,2026-08-06 02:13:00,2.97,241.99,Toledo,Flasher,B,1,2026-09-11 18:08:51
497,FS-2026-0497,2026-08-02 01:15:00,2.14,218.5,Perrysburg,Boiler,B,0,2026-09-11 18:08:51
498,FS-2026-0498,2026-08-27 15:03:00,2.51,350.97,Perrysburg,Flasher,B,1,2026-09-11 18:08:51
499,FS-2026-0499,2026-08-04 03:11:00,1.46,348.43,Perrysburg,Boiler,B,0,2026-09-11 18:08:51
500,FS-2026-0500,2026-08-29 12:20:00,1.4,362.69,Toledo,Boiler,A,1,2026-09-11 18:08:51
501,FS-2026-0501,2026-08-26 03:51:00,2.33,210.14,Perrysburg,Flasher,B,1,2026-09-11 18:08:51
502,FS-2026-0502,2026-08-18 17:55:00,1.12,335.61,Toledo,Boiler,B,0,2026-09-11 18:08:51
503,FS-2026-0503,2026-08-01 20:25:00,2.81,227.82,Perrysburg,Boiler,A,0,2026-09-11 18:08:51
504,FS-2026-0504,2026-08-02 13:05:00,2.06,315.16,Perrysburg,Flasher,B,0,2026-09-11 18:08:51
505,FS-2026-0505,2026-08-16 00:16:00,1.69,234.62,Toledo,Flasher,B,0,2026-09-11 18:08:51
506,FS-2026-0506,2026-08-22 07:45:00,1.58,305.61,Toledo,Boiler,B,0,2026-09-11 18:08:51
507,FS-2026-0507,2026-08-06 11:20:00,0.87,293.3,Toledo,Flasher,A,0,2026-09-11 18:08:51
508,FS-2026-0508,2026-08-26 16:15:00,1.91,256.61,Perrysburg,Flasher,A,1,2026-09-11 18:08:51
509,FS-2026-0509,2026-08-16 16:30:00,2.45,299.66,Toledo,Flasher,B,1,2026-09-11 18:08:51
510,FS-2026-0510,2026-08-20 16:34:00,2.25,318.66,Toledo,Flasher,B,1,2026-09-11 18:08:51
511,FS-2026-0511,2026-08-21 06:12:00,2.54,215.81,Toledo,Boiler,B,0,2026-09-11 18:08:51
512,FS-2026-0512,2026-08-17 07:47:00,2.11,358.4,Perrysburg,Flasher,A,1,2026-09-11 18:08:51
513,FS-2026-0513,2026-08-22 02:25:00,2.16,257.88,Perrysburg,Flasher,B,1,2026-09-11 18:08:51
514,FS-2026-0514,2026-08-20 22:03:00,1.38,359.28,Toledo,Boiler,B,1,2026-09-11 18:08:51
515,FS-2026-0515,2026-08-09 20:04:00,0.92,332.96,Perrysburg,Boiler,B,0,2026-09-11 18:08:51
516,FS-2026-0516,2026-08-24 16:08:00,2.88,251.79,Toledo,Boiler,B,1,2026-09-11 18:08:51
517,FS-2026-0517,2026-08-13 03:50:00,2.52,391.04,Perrysburg,Boiler,A,1,2026-09-11 18:08:51
518,FS-2026-0518,2026-08-24 08:35:00,0.68,329.98,Perrysburg,Flasher,B,0,2026-09-11 18:08:51
519,FS-2026-0519,2026-08-27 18:57:00,1.37,355.55,Toledo,Boiler,A,0,2026-09-11 18:08:51
520,FS-2026-0520,2026-08-19 13:19:00,2.71,252.6,Toledo,Boiler,A,1,2026-09-11 18:08:51
521,FS-2026-0521,2026-08-01 05:29:00,2.82,219.7,Toledo,Boiler,B,1,2026-09-11 18:08:51
522,FS-2026-0522,2026-08-06 13:46:00,0.83,281.11,Perrysburg,Flasher,B,1,2026-09-11 18:08:51
523,FS-2026-0523,2026-08-17 22:34:00,1.18,340.65,Perrysburg,Boiler,A,0,2026-09-11 18:08:51
524,FS-2026-0524,2026-08-08 16:23:00,1.92,289.52,Toledo,Boiler,A,0,2026-09-11 18:08:51
525,FS-2026-0525,2026-08-18 03:30:00,1.98,331.65,Toledo,Boiler,B,1,2026-09-11 18:08:51
526,FS-2026-0526,2026-08-14 16:02:00,1.9,316.57,Perrysburg,Flasher,B,1,2026-09-11 18:08:51
527,FS-2026-0527,2026-08-24 13:47:00,0.53,365.35,Toledo,Boiler,A,0,2026-09-11 18:08:51
528,FS-2026-0528,2026-08-17 22:46:00,2.05,246.65,Perrysburg,Boiler,B,0,2026-09-11 18:08:51
529,FS-2026-0529,2026-08-03 02:30:00,1.6,303.42,Perrysburg,Boiler,B,0,2026-09-11 18:08:51
530,FS-2026-0530,2026-08-18 07:54:00,2.87,298.78,Perrysburg,Boiler,B,1,2026-09-11 18:08:51
531,FS-2026-0531,2026-08-04 22:23:00,2.06,240.56,Toledo,Flasher,B,0,2026-09-11 18:08:51
532,FS-2026-0532,2026-08-12 04:52:00,1.12,395.25,Perrysburg,Boiler,B,1,2026-09-11 18:08:51
533,FS-2026-0533,2026-08-17 16:58:00,1.38,318.41,Toledo,Flasher,B,1,2026-09-11 18:08:51
534,FS-2026-0534,2026-08-10 00:58:00,0.55,353.0,Perrysburg,Flasher,B,0,2026-09-11 18:08:51
535,FS-2026-0535,2026-08-01 19:18:00,2.76,275.52,Perrysburg,Flasher,A,0,2026-09-11 18:08:51
536,FS-2026-0536,2026-08-14 16:16:00,1.4,231.76,Toledo,Boiler,B,0,2026-09-11 18:08:51
537,FS-2026-0537,2026-08-21 16:57:00,2.27,343.66,Toledo,Flasher,B,0,2026-09-11 18:08:51
538,FS-2026-0538,2026-08-11 20:47:00,2.77,317.88,Perrysburg,Flasher,A,1,2026-09-11 18:08:51
539,FS-2026-0539,2026-08-17 12:17:00,1.11,354.84,Toledo,Flasher,B,1,2026-09-11 18:08:51
540,FS-2026-0540,2026-08-16 03:41:00,0.79,268.21,Toledo,Boiler,B,0,2026-09-11 18:08:51
541,FS-2026-0541,2026-08-07 11:54:00,2.59,310.4,Toledo,Boiler,B,0,2026-09-11 18:08:51
542,FS-2026-0542,2026-08-19 01:33:00,1.8,337.84,Toledo,Flasher,B,1,2026-09-11 18:08:51
543,FS-2026-0543,2026-08-13 02:02:00,2.1,381.8,Toledo,Flasher,A,1,2026-09-11 18:08:51
544,FS-2026-0544,2026-08-19 23:48:00,1.3,368.76,Toledo,Boiler,A,0,2026-09-11 18:08:51
545,FS-2026-0545,2026-08-07 18:20:00,1.84,249.66,Toledo,Flasher,A,1,2026-09-11 18:08:51
546,FS-2026-0546,2026-08-17 14:42:00,2.27,233.65,Perrysburg,Boiler,A,0,2026-09-11 18:08:51
547,FS-2026-0547,2026-08-11 16:16:00,0.66,247.55,Toledo,Flasher,B,0,2026-09-11 18:08:51
548,FS-2026-0548,2026-08-27 06:11:00,2.81,377.31,Perrysburg,Flasher,A,0,2026-09-11 18:08:51
549,FS-2026-0549,2026-08-06 21:45:00,1.11,395.46,Perrysburg,Boiler,A,0,2026-09-11 18:08:51
550,FS-2026-0550,2026-08-18 05:49:00,1.36,231.66,Toledo,Boiler,A,1,2026-09-11 18:08:51
551,FS-2026-0551,2026-08-22 19:05:00,1.93,244.74,Perrysburg,Flasher,B,1,2026-09-11 18:08:51
552,FS-2026-0552,2026-08-17 16:43:00,1.44,326.02,Toledo,Flasher,B,0,2026-09-11 18:08:51
553,FS-2026-0553,2026-08-03 02:07:00,2.14,360.52,Toledo,Flasher,B,0,2026-09-11 18:08:51
554,FS-2026-0554,2026-08-08 19:21:00,1.67,280.61,Perrysburg,Boiler,B,0,2026-09-11 18:08:51
555,FS-2026-0555,2026-08-15 22:17:00,2.22,381.18,Perrysburg,Flasher,A,0,2026-09-11 18:08:51
556,FS-2026-0556,2026-08-05 09:26:00,1.88,242.51,Perrysburg,Flasher,B,0,2026-09-11 18:08:51
557,FS-2026-0557,2026-08-08 23:46:00,1.07,219.34,Perrysburg,Boiler,A,0,2026-09-11 18:08:51
558,FS-2026-0558,2026-08-27 02:16:00,1.35,333.48,Perrysburg,Boiler,A,1,2026-09-11 18:08:51
559,FS-2026-0559,2026-08-05 10:31:00,2.86,331.15,Toledo,Flasher,B,1,2026-09-11 18:08:51
560,FS-2026-0560,2026-08-12 13:19:00,1.6,295.37,Toledo,Boiler,A,1,2026-09-11 18:08:51
561,FS-2026-0561,2026-08-17 22:19:00,2.04,291.08,Toledo,Boiler,A,0,2026-09-11 18:08:51
562,FS-2026-0562,2026-08-07 10:34:00,1.89,228.47,Perrysburg,Flasher,A,0,2026-09-11 18:08:51
563,FS-2026-0563,2026-08-21 04:04:00,2.71,322.68,Toledo,Boiler,B,0,2026-09-11 18:08:51
564,FS-2026-0564,2026-08-21 16:19:00,0.97,399.77,Toledo,Flasher,A,0,2026-09-11 18:08:51
565,FS-2026-0565,2026-08-16 13:19:00,1.53,303.11,Toledo,Flasher,B,1,2026-09-11 18:08:51
566,FS-2026-0566,2026-08-09 09:58:00,1.39,287.53,Perrysburg,Boiler,A,0,2026-09-11 18:08:51
567,FS-2026-0567,2026-08-29 14:03:00,0.94,263.32,Perrysburg,Boiler,A,0,2026-09-11 18:08:51
568,FS-2026-0568,2026-08-19 21:41:00,1.44,385.61,Perrysburg,Boiler,B,0,2026-09-11 18:08:51
569,FS-2026-0569,2026-08-27 14:24:00,2.48,280.34,Perrysburg,Flasher,A,1,2026-09-11 18:08:51
570,FS-2026-0570,2026-08-05 07:09:00,2.84,274.85,Toledo,Boiler,A,1,2026-09-11 18:08:51
571,FS-2026-0571,2026-08-24 11:41:00,0.82,253.1,Toledo,Boiler,B,0,2026-09-11 18:08:51
572,FS-2026-0572,2026-08-28 10:41:00,1.15,384.65,Perrysburg,Flasher,A,0,2026-09-11 18:08:51
573,FS-2026-0573,2026-08-15 21:09:00,1.33,389.94,Toledo,Boiler,B,1,2026-09-11 18:08:51
574,FS-2026-0574,2026-08-14 02:22:00,2.78,260.08,Perrysburg,Flasher,A,1,2026-09-11 18:08:51
575,FS-2026-0575,2026-08-13 14:52:00,1.56,245.61,Perrysburg,Flasher,A,0,2026-09-11 18:08:51
576,FS-2026-0576,2026-08-19 09:46:00,1.22,286.75,Perrysburg,Boiler,A,0,2026-09-11 18:08:51
577,FS-2026-0577,2026-08-23 02:43:00,0.74,337.88,Toledo,Flasher,B,0,2026-09-11 18:08:51
578,FS-2026-0578,2026-08-08 23:43:00,1.96,385.3,Toledo,Flasher,B,1,2026-09-11 18:08:51
579,FS-2026-0579,2026-08-27 00:12:00,1.7,307.19,Toledo,Flasher,A,1,2026-09-11 18:08:51
580,FS-2026-0580,2026-08-08 17:56:00,1.96,291.91,Toledo,Flasher,B,1,2026-09-11 18:08:51
581,FS-2026-0581,2026-08-07 03:59:00,1.8,333.66,Toledo,Boiler,A,0,2026-09-11 18:08:51
582,FS-2026-0582,2026-08-06 10:48:00,0.58,392.6,Perrysburg,Boiler,B,1,2026-09-11 18:08:51
583,FS-2026-0583,2026-08-20 17:02:00,0.71,355.42,Toledo,Boiler,B,0,2026-09-11 18:08:51
584,FS-2026-0584,2026-08-10 17:10:00,1.25,257.2,Perrysburg,Boiler,A,0,2026-09-11 18:08:51
585,FS-2026-0585,2026-08-25 08:01:00,1.71,278.98,Perrysburg,Flasher,A,1,2026-09-11 18:08:51
586,FS-2026-0586,2026-08-10 08:27:00,1.24,319.12,Toledo,Flasher,B,1,2026-09-11 18:08:51
587,FS-2026-0587,2026-08-05 12:40:00,2.78,323.04,Perrysburg,Boiler,A,1,2026-09-11 18:08:51
588,FS-2026-0588,2026-08-19 03:24:00,2.66,229.0,Perrysburg,Boiler,B,0,2026-09-11 18:08:51
589,FS-2026-0589,2026-08-02 21:33:00,0.69,358.67,Toledo,Boiler,A,0,2026-09-11 18:08:51
590,FS-2026-0590,2026-08-16 23:44:00,2.07,289.75,Toledo,Boiler,A,0,2026-09-11 18:08:51
591,FS-2026-0591,2026-08-16 20:55:00,0.69,359.14,Perrysburg,Boiler,B,1,2026-09-11 18:08:51
592,FS-2026-0592,2026-08-14 14:18:00,2.43,374.26,Toledo,Flasher,B,1,2026-09-11 18:08:51
593,FS-2026-0593,2026-08-20 22:41:00,2.3,237.71,Toledo,Boiler,B,1,2026-09-11 18:08:51
594,FS-2026-0594,2026-08-07 03:28:00,2.52,237.46,Toledo,Boiler,A,1,2026-09-11 18:08:51
595,FS-2026-0595,2026-08-20 15:49:00,2.42,294.44,Toledo,Flasher,B,1,2026-09-11 18:08:51
596,FS-2026-0596,2026-08-13 15:50:00,1.66,252.05,Toledo,Flasher,B,1,2026-09-11 18:08:51
597,FS-2026-0597,2026-08-05 06:46:00,2.62,265.59,Toledo,Boiler,B,1,2026-09-11 18:08:51
598,FS-2026-0598,2026-08-05 08:00:00,2.1,378.15,Perrysburg,Boiler,B,0,2026-09-11 18:08:51
599,FS-2026-0599,2026-08-07 02:23:00,0.96,296.44,Toledo,Boiler,B,0,2026-09-11 18:08:51
600,FS-2026-0600,2026-08-26 23:50:00,1.08,223.14,Perrysburg,Flasher,B,1,2026-09-11 18:08:51
601,FS-2026-0601,2026-08-11 03:31:00,2.2,232.78,Perrysburg,Boiler,B,1,2026-09-11 18:08:51
602,FS-2026-0602,2026-08-03 10:32:00,2.57,225.24,Perrysburg,Boiler,B,1,2026-09-11 18:08:51
603,FS-2026-0603,2026-08-12 19:48:00,2.79,206.1,Perrysburg,Flasher,A,0,2026-09-11 18:08:51
604,FS-2026-0604,2026-08-19 10:39:00,1.69,371.78,Perrysburg,Flasher,A,1,2026-09-11 18:08:51
605,FS-2026-0605,2026-08-08 05:10:00,1.82,233.55,Perrysburg,Boiler,B,0,2026-09-11 18:08:51
606,FS-2026-0606,2026-08-08 17:42:00,1.97,308.89,Toledo,Flasher,B,0,2026-09-11 18:08:51
607,FS-2026-0607,2026-08-01 19:07:00,2.33,357.31,Perrysburg,Flasher,B,0,2026-09-11 18:08:51
608,FS-2026-0608,2026-08-10 09:50:00,0.56,349.37,Toledo,Flasher,A,0,2026-09-11 18:08:51
609,FS-2026-0609,2026-08-01 15:01:00,0.71,241.97,Toledo,Boiler,B,1,2026-09-11 18:08:51
610,FS-2026-0610,2026-08-26 05:48:00,1.63,329.07,Perrysburg,Boiler,A,1,2026-09-11 18:08:51
611,FS-2026-0611,2026-08-08 09:10:00,1.14,217.69,Perrysburg,Flasher,A,1,2026-09-11 18:08:51
612,FS-2026-0612,2026-08-29 11:21:00,2.24,361.07,Toledo,Flasher,B,1,2026-09-11 18:08:51
613,FS-2026-0613,2026-08-06 08:22:00,0.55,205.51,Toledo,Boiler,A,1,2026-09-11 18:08:51
614,FS-2026-0614,2026-08-13 08:37:00,2.2,247.99,Perrysburg,Flasher,A,0,2026-09-11 18:08:51
615,FS-2026-0615,2026-08-29 02:30:00,0.86,275.31,Perrysburg,Boiler,B,0,2026-09-11 18:08:51
616,FS-2026-0616,2026-08-19 09:25:00,1.68,386.35,Perrysburg,Boiler,B,1,2026-09-11 18:08:51
617,FS-2026-0617,2026-08-15 15:29:00,2.93,375.78,Perrysburg,Boiler,A,0,2026-09-11 18:08:51
618,FS-2026-0618,2026-08-08 18:36:00,2.7,294.01,Perrysburg,Flasher,A,1,2026-09-11 18:08:51
619,FS-2026-0619,2026-08-15 04:31:00,1.52,280.47,Perrysburg,Flasher,B,0,2026-09-11 18:08:51
620,FS-2026-0620,2026-08-11 08:50:00,2.18,324.63,Toledo,Boiler,A,1,2026-09-11 18:08:51
621,FS-2026-0621,2026-08-19 04:43:00,2.14,232.77,Perrysburg,Boiler,A,0,2026-09-11 18:08:51
622,FS-2026-0622,2026-08-01 16:02:00,1.23,216.43,Toledo,Boiler,A,1,2026-09-11 18:08:51
623,FS-2026-0623,2026-08-10 16:00:00,1.76,317.84,Toledo,Flasher,A,1,2026-09-11 18:08:51
624,FS-2026-0624,2026-08-11 02:28:00,0.82,382.56,Toledo,Flasher,B,1,2026-09-11 18:08:51
625,FS-2026-0625,2026-08-23 15:50:00,1.91,320.51,Toledo,Flasher,A,1,2026-09-11 18:08:51
626,FS-2026-0626,2026-08-15 00:02:00,2.28,319.47,Toledo,Flasher,A,0,2026-09-11 18:08:51
627,FS-2026-0627,2026-08-16 16:34:00,1.04,325.18,Perrysburg,Boiler,A,0,2026-09-11 18:08:51
628,FS-2026-0628,2026-08-18 02:27:00,1.38,211.55,Perrysburg,Flasher,A,0,2026-09-11 18:08:51
629,FS-2026-0629,2026-08-23 05:42:00,1.58,281.87,Toledo,Flasher,B,0,2026-09-11 18:08:51
630,FS-2026-0630,2026-08-28 13:50:00,1.25,287.78,Toledo,Boiler,B,0,2026-09-11 18:08:51
631,FS-2026-0631,2026-08-09 23:42:00,1.46,296.37,Toledo,Boiler,B,1,2026-09-11 18:08:51
632,FS-2026-0632,2026-08-09 20:04:00,1.13,397.48,Toledo,Boiler,B,0,2026-09-11 18:08:51
633,FS-2026-0633,2026-08-09 23:19:00,0.79,281.65,Perrysburg,Boiler,B,1,2026-09-11 18:08:51
634,FS-2026-0634,2026-08-19 11:21:00,0.98,373.96,Toledo,Boiler,A,0,2026-09-11 18:08:51
635,FS-2026-0635,2026-08-04 11:27:00,1.73,313.98,Perrysburg,Boiler,A,1,2026-09-11 18:08:51
636,FS-2026-0636,2026-08-18 15:48:00,1.55,336.63,Perrysburg,Boiler,A,0,2026-09-11 18:08:51
637,FS-2026-0637,2026-08-23 04:57:00,1.77,280.13,Perrysburg,Flasher,A,1,2026-09-11 18:08:51
638,FS-2026-0638,2026-08-18 11:33:00,0.93,384.27,Toledo,Flasher,B,0,2026-09-11 18:08:51
639,FS-2026-0639,2026-08-13 01:54:00,1.47,395.56,Perrysburg,Boiler,A,0,2026-09-11 18:08:51
640,FS-2026-0640,2026-08-16 14:57:00,2.37,297.36,Perrysburg,Flasher,B,0,2026-09-11 18:08:51
641,FS-2026-0641,2026-08-11 06:29:00,0.8,350.89,Perrysburg,Flasher,B,1,2026-09-11 18:08:51
642,FS-2026-0642,2026-08-16 14:48:00,1.68,220.28,Toledo,Flasher,B,1,2026-09-11 18:08:51
643,FS-2026-0643,2026-08-09 13:56:00,1.4,370.58,Perrysburg,Flasher,B,1,2026-09-11 18:08:51
644,FS-2026-0644,2026-08-13 07:56:00,2.05,327.73,Toledo,Boiler,B,0,2026-09-11 18:08:51
645,FS-2026-0645,2026-08-26 03:36:00,0.8,210.98,Perrysburg,Flasher,A,1,2026-09-11 18:08:51
646,FS-2026-0646,2026-08-05 02:58:00,1.79,385.87,Toledo,Boiler,B,1,2026-09-11 18:08:51
647,FS-2026-0647,2026-08-12 21:03:00,2.07,293.04,Perrysburg,Flasher,B,0,2026-09-11 18:08:51
648,FS-2026-0648,2026-08-22 21:02:00,2.48,257.2,Perrysburg,Flasher,B,1,2026-09-11 18:08:51
649,FS-2026-0649,2026-08-06 20:13:00,2.05,328.1,Perrysburg,Boiler,B,1,2026-09-11 18:08:51
650,FS-2026-0650,2026-08-08 12:57:00,2.95,232.26,Toledo,Flasher,B,0,2026-09-11 18:08:51
651,FS-2026-0651,2026-08-17 07:27:00,2.66,213.96,Toledo,Flasher,B,1,2026-09-11 18:08:51
652,FS-2026-0652,2026-08-27 10:56:00,1.75,375.0,Toledo,Flasher,B,1,2026-09-11 18:08:51
653,FS-2026-0653,2026-08-01 17:22:00,0.82,208.17,Perrysburg,Boiler,A,1,2026-09-11 18:08:51
654,FS-2026-0654,2026-08-06 21:03:00,1.81,285.93,Perrysburg,Flasher,A,0,2026-09-11 18:08:51
655,FS-2026-0655,2026-08-08 10:30:00,0.78,205.37,Perrysburg,Flasher,B,0,2026-09-11 18:08:51
656,FS-2026-0656,2026-08-22 04:04:00,2.48,254.86,Toledo,Flasher,B,0,2026-09-11 18:08:51
657,FS-2026-0657,2026-08-03 09:50:00,1.47,384.56,Toledo,Boiler,B,1,2026-09-11 18:08:51
658,FS-2026-0658,2026-08-21 17:12:00,2.09,398.24,Perrysburg,Boiler,B,1,2026-09-11 18:08:51
659,FS-2026-0659,2026-08-16 08:00:00,1.47,227.5,Toledo,Boiler,B,1,2026-09-11 18:08:51
660,FS-2026-0660,2026-08-09 02:29:00,1.64,272.91,Perrysburg,Flasher,A,1,2026-09-11 18:08:51
661,FS-2026-0661,2026-08-08 23:18:00,2.0,280.35,Toledo,Flasher,A,0,2026-09-11 18:08:51
662,FS-2026-0662,2026-08-02 20:39:00,2.76,391.24,Toledo,Boiler,A,1,2026-09-11 18:08:51
663,FS-2026-0663,2026-08-05 14:43:00,1.37,218.1,Toledo,Boiler,A,1,2026-09-11 18:08:51
664,FS-2026-0664,2026-08-12 08:23:00,2.24,219.42,Perrysburg,Boiler,B,1,2026-09-11 18:08:51
665,FS-2026-0665,2026-08-21 04:49:00,2.65,288.1,Perrysburg,Boiler,A,1,2026-09-11 18:08:51
666,FS-2026-0666,2026-08-05 19:28:00,2.48,293.03,Toledo,Flasher,B,1,2026-09-11 18:08:51
667,FS-2026-0667,2026-08-09 22:57:00,2.92,297.99,Toledo,Boiler,B,1,2026-09-11 18:08:51
668,FS-2026-0668,2026-08-21 14:11:00,0.84,235.18,Toledo,Boiler,B,0,2026-09-11 18:08:51
669,FS-2026-0669,2026-08-04 10:13:00,2.99,379.33,Toledo,Boiler,B,1,2026-09-11 18:08:51
670,FS-2026-0670,2026-08-20 03:44:00,1.56,273.52,Perrysburg,Boiler,B,0,2026-09-11 18:08:51
671,FS-2026-0671,2026-08-05 22:49:00,1.68,221.44,Perrysburg,Boiler,B,0,2026-09-11 18:08:51
672,FS-2026-0672,2026-08-09 12:48:00,2.58,313.95,Toledo,Boiler,B,1,2026-09-11 18:08:51
673,FS-2026-0673,2026-08-11 15:00:00,1.87,360.93,Toledo,Flasher,B,0,2026-09-11 18:08:51
674,FS-2026-0674,2026-08-05 01:23:00,2.0,399.78,Perrysburg,Boiler,B,0,2026-09-11 18:08:51
675,FS-2026-0675,2026-08-22 12:34:00,0.92,300.59,Perrysburg,Boiler,A,0,2026-09-11 18:08:51
676,FS-2026-0676,2026-08-01 18:37:00,1.92,286.19,Toledo,Flasher,A,1,2026-09-11 18:08:51
677,FS-2026-0677,2026-08-25 13:47:00,2.89,382.36,Toledo,Flasher,A,0,2026-09-11 18:08:51
678,FS-2026-0678,2026-08-28 19:57:00,1.17,380.39,Perrysburg,Boiler,A,0,2026-09-11 18:08:51
679,FS-2026-0679,2026-08-26 08:01:00,1.46,216.0,Perrysburg,Flasher,A,0,2026-09-11 18:08:51
680,FS-2026-0680,2026-08-17 17:45:00,1.14,398.51,Perrysburg,Boiler,A,1,2026-09-11 18:08:51
681,FS-2026-0681,2026-08-24 09:13:00,0.77,362.51,Perrysburg,Boiler,A,1,2026-09-11 18:08:51
682,FS-2026-0682,2026-08-30 22:25:00,2.02,381.18,Toledo,Flasher,B,1,2026-09-11 18:08:51
683,FS-2026-0683,2026-08-15 03:20:00,2.03,232.13,Perrysburg,Boiler,A,1,2026-09-11 18:08:51
684,FS-2026-0684,2026-08-17 14:34:00,2.43,376.77,Perrysburg,Boiler,A,1,2026-09-11 18:08:51
685,FS-2026-0685,2026-08-10 13:16:00,1.33,259.8,Toledo,Boiler,A,1,2026-09-11 18:08:51
686,FS-2026-0686,2026-08-05 14:40:00,2.84,299.43,Toledo,Flasher,B,0,2026-09-11 18:08:51
687,FS-2026-0687,2026-08-19 02:07:00,1.85,248.15,Perrysburg,Boiler,B,1,2026-09-11 18:08:51
688,FS-2026-0688,2026-08-08 03:49:00,1.63,388.61,Toledo,Flasher,A,1,2026-09-11 18:08:51
689,FS-2026-0689,2026-08-04 09:50:00,0.81,347.85,Perrysburg,Boiler,B,0,2026-09-11 18:08:51
690,FS-2026-0690,2026-08-20 03:38:00,2.73,246.24,Perrysburg,Flasher,A,0,2026-09-11 18:08:51
691,FS-2026-0691,2026-08-24 00:22:00,2.4,333.83,Perrysburg,Flasher,A,0,2026-09-11 18:08:51
692,FS-2026-0692,2026-08-11 22:31:00,1.71,353.89,Toledo,Flasher,A,0,2026-09-11 18:08:51
693,FS-2026-0693,2026-08-15 10:55:00,2.34,250.77,Toledo,Boiler,B,1,2026-09-11 18:08:51
694,FS-2026-0694,2026-08-25 13:39:00,1.86,343.76,Toledo,Boiler,A,1,2026-09-11 18:08:51
695,FS-2026-0695,2026-08-09 22:54:00,2.46,348.29,Toledo,Flasher,A,0,2026-09-11 18:08:51
696,FS-2026-0696,2026-08-30 00:36:00,1.71,339.27,Toledo,Boiler,A,1,2026-09-11 18:08:51
697,FS-2026-0697,2026-08-13 23:09:00,0.88,302.21,Perrysburg,Boiler,A,0,2026-09-11 18:08:51
698,FS-2026-0698,2026-08-26 23:02:00,0.85,261.4,Toledo,Flasher,A,1,2026-09-11 18:08:51
699,FS-2026-0699,2026-08-27 09:38:00,1.32,342.73,Toledo,Flasher,B,0,2026-09-11 18:08:51
700,FS-2026-0700,2026-08-12 18:32:00,2.54,341.07,Perrysburg,Boiler,B,1,2026-09-11 18:08:51
701,FS-2026-0701,2026-08-22 22:44:00,1.1,341.86,Perrysburg,Flasher,A,1,2026-09-11 18:08:51
702,FS-2026-0702,2026-08-15 18:00:00,0.7,250.55,Perrysburg,Flasher,B,0,2026-09-11 18:08:51
703,FS-2026-0703,2026-08-22 05:45:00,2.45,219.16,Toledo,Boiler,B,1,2026-09-11 18:08:51
704,FS-2026-0704,2026-08-03 16:13:00,2.43,391.16,Toledo,Boiler,B,0,2026-09-11 18:08:51
705,FS-2026-0705,2026-08-20 07:33:00,2.11,203.06,Toledo,Boiler,B,1,2026-09-11 18:08:51
706,FS-2026-0706,2026-08-19 08:08:00,1.03,318.08,Toledo,Boiler,A,0,2026-09-11 18:08:51
707,FS-2026-0707,2026-08-08 12:39:00,0.66,373.96,Perrysburg,Flasher,A,1,2026-09-11 18:08:51
708,FS-2026-0708,2026-08-22 21:04:00,2.73,351.03,Perrysburg,Boiler,A,1,2026-09-11 18:08:51
709,FS-2026-0709,2026-08-10 06:23:00,1.28,313.53,Perrysburg,Boiler,B,0,2026-09-11 18:08:51
710,FS-2026-0710,2026-08-15 06:55:00,0.68,233.95,Toledo,Boiler,A,1,2026-09-11 18:08:51
711,FS-2026-0711,2026-08-17 10:13:00,0.69,281.48,Perrysburg,Boiler,A,0,2026-09-11 18:08:51
712,FS-2026-0712,2026-08-10 03:35:00,1.63,222.48,Toledo,Boiler,B,1,2026-09-11 18:08:51
713,FS-2026-0713,2026-08-27 12:40:00,1.43,350.66,Perrysburg,Flasher,B,1,2026-09-11 18:08:51
714,FS-2026-0714,2026-08-03 13:24:00,2.26,398.35,Perrysburg,Flasher,B,0,2026-09-11 18:08:51
715,FS-2026-0715,2026-08-21 14:42:00,1.31,230.59,Toledo,Boiler,B,0,2026-09-11 18:08:51
716,FS-2026-0716,2026-08-16 08:57:00,1.85,318.04,Toledo,Flasher,B,1,2026-09-11 18:08:51
717,FS-2026-0717,2026-08-01 08:12:00,2.09,334.36,Perrysburg,Flasher,B,1,2026-09-11 18:08:51
718,FS-2026-0718,2026-08-28 16:58:00,1.41,382.97,Perrysburg,Boiler,B,0,2026-09-11 18:08:51
719,FS-2026-0719,2026-08-20 22:45:00,2.45,210.28,Toledo,Flasher,A,1,2026-09-11 18:08:51
720,FS-2026-0720,2026-08-18 00:26:00,2.85,381.89,Toledo,Flasher,A,1,2026-09-11 18:08:51
721,FS-2026-0721,2026-08-13 09:41:00,1.91,277.67,Perrysburg,Boiler,A,0,2026-09-11 18:08:51
722,FS-2026-0722,2026-08-15 17:34:00,1.96,229.03,Toledo,Boiler,B,1,2026-09-11 18:08:51
723,FS-2026-0723,2026-08-10 13:01:00,0.79,204.38,Perrysburg,Flasher,A,1,2026-09-11 18:08:51
724,FS-2026-0724,2026-08-18 07:08:00,2.51,333.82,Toledo,Boiler,B,1,2026-09-11 18:08:51
725,FS-2026-0725,2026-08-03 04:39:00,0.78,241.47,Perrysburg,Boiler,B,1,2026-09-11 18:08:51
726,FS-2026-0726,2026-08-25 13:50:00,0.67,329.66,Perrysburg,Boiler,A,0,2026-09-11 18:08:51
727,FS-2026-0727,2026-08-19 07:48:00,2.34,385.6,Perrysburg,Boiler,B,0,2026-09-11 18:08:51
728,FS-2026-0728,2026-08-02 13:08:00,1.59,349.38,Perrysburg,Boiler,B,1,2026-09-11 18:08:51
729,FS-2026-0729,2026-08-05 02:40:00,0.81,265.89,Perrysburg,Boiler,B,0,2026-09-11 18:08:51
730,FS-2026-0730,2026-08-10 09:57:00,2.43,312.68,Toledo,Flasher,A,1,2026-09-11 18:08:51
731,FS-2026-0731,2026-08-30 19:15:00,0.51,287.59,Toledo,Flasher,A,0,2026-09-11 18:08:51
732,FS-2026-0732,2026-08-09 20:50:00,2.58,239.36,Toledo,Flasher,B,1,2026-09-11 18:08:51
733,FS-2026-0733,2026-08-30 00:23:00,0.88,234.44,Toledo,Boiler,B,0,2026-09-11 18:08:51
734,FS-2026-0734,2026-08-05 11:56:00,0.79,246.29,Toledo,Boiler,B,0,2026-09-11 18:08:51
735,FS-2026-0735,2026-08-18 18:18:00,2.59,303.8,Perrysburg,Boiler,B,1,2026-09-11 18:08:51
736,FS-2026-0736,2026-08-03 04:33:00,2.88,321.13,Toledo,Flasher,A,1,2026-09-11 18:08:51
737,FS-2026-0737,2026-08-25 02:41:00,2.92,384.21,Perrysburg,Flasher,B,0,2026-09-11 18:08:51
738,FS-2026-0738,2026-08-04 18:28:00,2.79,213.66,Toledo,Flasher,A,1,2026-09-11 18:08:51
739,FS-2026-0739,2026-08-19 01:20:00,2.99,244.08,Perrysburg,Boiler,A,0,2026-09-11 18:08:51
740,FS-2026-0740,2026-08-23 13:17:00,1.78,253.69,Perrysburg,Flasher,B,0,2026-09-11 18:08:51
741,FS-2026-0741,2026-08-09 05:46:00,2.28,396.7,Perrysburg,Flasher,B,0,2026-09-11 18:08:51
742,FS-2026-0742,2026-08-28 22:24:00,1.92,327.67,Perrysburg,Boiler,A,0,2026-09-11 18:08:51
743,FS-2026-0743,2026-08-04 07:12:00,2.33,390.01,Perrysburg,Flasher,A,1,2026-09-11 18:08:51
744,FS-2026-0744,2026-08-27 14:39:00,1.97,378.87,Toledo,Boiler,B,0,2026-09-11 18:08:51
745,FS-2026-0745,2026-08-11 09:38:00,1.46,336.9,Toledo,Boiler,B,0,2026-09-11 18:08:51
746,FS-2026-0746,2026-08-29 13:06:00,1.29,363.47,Toledo,Boiler,A,0,2026-09-11 18:08:51
747,FS-2026-0747,2026-08-27 08:07:00,1.67,397.78,Perrysburg,Boiler,B,1,2026-09-11 18:08:51
748,FS-2026-0748,2026-08-18 14:42:00,1.88,255.2,Toledo,Flasher,B,1,2026-09-11 18:08:51
749,FS-2026-0749,2026-08-27 23:47:00,0.73,330.21,Toledo,Flasher,B,1,2026-09-11 18:08:51
750,FS-2026-0750,2026-08-17 20:44:00,2.3,329.55,Perrysburg,Flasher,A,1,2026-09-11 18:08:51
751,FS-2026-0751,2026-08-01 15:23:00,1.74,242.27,Toledo,Boiler,A,0,2026-09-11 18:08:51
752,FS-2026-0752,2026-08-07 00:12:00,2.55,266.72,Perrysburg,Boiler,A,1,2026-09-11 18:08:51
753,FS-2026-0753,2026-08-06 10:39:00,0.97,285.28,Perrysburg,Boiler,B,0,2026-09-11 18:08:51
754,FS-2026-0754,2026-08-19 08:13:00,1.87,355.73,Perrysburg,Flasher,A,1,2026-09-11 18:08:51
755,FS-2026-0755,2026-08-03 13:01:00,0.58,389.38,Toledo,Flasher,B,1,2026-09-11 18:08:51
756,FS-2026-0756,2026-08-30 21:07:00,0.83,362.96,Toledo,Flasher,A,1,2026-09-11 18:08:51
757,FS-2026-0757,2026-08-28 16:59:00,2.06,265.53,Toledo,Boiler,A,0,2026-09-11 18:08:51
758,FS-2026-0758,2026-08-01 15:25:00,1.12,366.91,Toledo,Flasher,B,1,2026-09-11 18:08:51
759,FS-2026-0759,2026-08-08 01:44:00,1.26,370.93,Toledo,Flasher,A,0,2026-09-11 18:08:51
760,FS-2026-0760,2026-08-09 18:05:00,1.68,384.74,Perrysburg,Boiler,A,0,2026-09-11 18:08:51
761,FS-2026-0761,2026-08-23 11:10:00,2.97,232.25,Perrysburg,Boiler,B,0,2026-09-11 18:08:51
762,FS-2026-0762,2026-08-11 20:29:00,1.85,309.7,Toledo,Flasher,B,0,2026-09-11 18:08:51
763,FS-2026-0763,2026-08-22 06:13:00,2.57,351.88,Perrysburg,Flasher,A,0,2026-09-11 18:08:51
764,FS-2026-0764,2026-08-06 00:05:00,2.06,342.86,Perrysburg,Flasher,A,0,2026-09-11 18:08:51
765,FS-2026-0765,2026-08-06 18:38:00,1.84,281.87,Toledo,Boiler,B,1,2026-09-11 18:08:51
766,FS-2026-0766,2026-08-19 20:09:00,0.61,200.15,Toledo,Boiler,A,1,2026-09-11 18:08:51
767,FS-2026-0767,2026-08-02 14:11:00,1.71,204.83,Toledo,Boiler,A,1,2026-09-11 18:08:51
768,FS-2026-0768,2026-08-13 07:52:00,2.74,202.91,Perrysburg,Flasher,A,0,2026-09-11 18:08:51
769,FS-2026-0769,2026-08-30 12:54:00,1.61,377.19,Toledo,Boiler,B,1,2026-09-11 18:08:51
770,FS-2026-0770,2026-08-19 02:23:00,2.58,213.37,Perrysburg,Flasher,A,1,2026-09-11 18:08:51
771,FS-2026-0771,2026-08-14 17:48:00,2.47,370.48,Perrysburg,Boiler,B,0,2026-09-11 18:08:51
772,FS-2026-0772,2026-08-12 07:54:00,0.64,261.67,Toledo,Boiler,A,1,2026-09-11 18:08:51
773,FS-2026-0773,2026-08-22 15:13:00,0.85,376.08,Toledo,Flasher,A,1,2026-09-11 18:08:51
774,FS-2026-0774,2026-08-23 06:24:00,2.1,331.51,Perrysburg,Boiler,A,1,2026-09-11 18:08:51
775,FS-2026-0775,2026-08-17 15:37:00,2.1,294.37,Toledo,Flasher,B,1,2026-09-11 18:08:51
776,FS-2026-0776,2026-08-07 12:49:00,2.23,249.61,Toledo,Flasher,B,1,2026-09-11 18:08:51
777,FS-2026-0777,2026-08-16 19:07:00,0.65,264.75,Toledo,Flasher,A,1,2026-09-11 18:08:51
778,FS-2026-0778,2026-08-04 17:31:00,1.44,289.2,Toledo,Boiler,B,0,2026-09-11 18:08:51
779,FS-2026-0779,2026-08-05 09:34:00,1.13,378.25,Perrysburg,Flasher,B,0,2026-09-11 18:08:51
780,FS-2026-0780,2026-08-07 12:38:00,1.73,352.47,Perrysburg,Boiler,A,0,2026-09-11 18:08:51
781,FS-2026-0781,2026-08-29 23:12:00,2.14,348.55,Perrysburg,Flasher,B,0,2026-09-11 18:08:51
782,FS-2026-0782,2026-08-14 06:17:00,2.56,313.53,Toledo,Boiler,B,0,2026-09-11 18:08:51
783,FS-2026-0783,2026-08-06 19:28:00,2.89,317.77,Perrysburg,Flasher,A,0,2026-09-11 18:08:51
784,FS-2026-0784,2026-08-01 03:20:00,2.28,236.36,Toledo,Flasher,B,1,2026-09-11 18:08:51
785,FS-2026-0785,2026-08-16 00:28:00,0.52,276.26,Perrysburg,Flasher,B,1,2026-09-11 18:08:51
786,FS-2026-0786,2026-08-23 21:43:00,1.08,251.97,Toledo,Flasher,A,1,2026-09-11 18:08:51
787,FS-2026-0787,2026-08-03 12:48:00,1.93,349.75,Toledo,Flasher,A,0,2026-09-11 18:08:51
788,FS-2026-0788,2026-08-04 21:01:00,2.53,279.45,Toledo,Flasher,B,1,2026-09-11 18:08:51
789,FS-2026-0789,2026-08-04 20:55:00,0.77,391.14,Perrysburg,Flasher,A,0,2026-09-11 18:08:51
790,FS-2026-0790,2026-08-30 18:07:00,0.96,205.71,Toledo,Flasher,B,1,2026-09-11 18:08:51
791,FS-2026-0791,2026-08-20 03:31:00,1.01,209.0,Toledo,Boiler,A,0,2026-09-11 18:08:51
792,FS-2026-0792,2026-08-25 20:53:00,2.81,373.37,Toledo,Boiler,A,1,2026-09-11 18:08:51
793,FS-2026-0793,2026-08-24 12:33:00,2.36,249.05,Toledo,Boiler,A,1,2026-09-11 18:08:51
794,FS-2026-0794,2026-08-03 20:07:00,1.08,202.83,Toledo,Boiler,B,1,2026-09-11 18:08:51
795,FS-2026-0795,2026-08-27 16:24:00,1.0,315.26,Toledo,Boiler,B,0,2026-09-11 18:08:51
796,FS-2026-0796,2026-08-26 16:09:00,2.19,263.54,Perrysburg,Flasher,A,0,2026-09-11 18:08:51
797,FS-2026-0797,2026-08-15 12:09:00,2.77,261.14,Perrysburg,Boiler,B,1,2026-09-11 18:08:51
798,FS-2026-0798,2026-08-15 22:15:00,2.29,349.35,Toledo,Boiler,B,1,2026-09-11 18:08:51
799,FS-2026-0799,2026-08-29 00:35:00,2.55,244.92,Perrysburg,Flasher,B,1,2026-09-11 18:08:51
800,FS-2026-0800,2026-08-11 06:44:00,0.86,238.87,Perrysburg,Flasher,B,0,2026-09-11 18:08:51
801,FS-2026-0801,2026-08-12 07:44:00,2.42,236.72,Perrysburg,Boiler,A,1,2026-09-11 18:08:51
802,FS-2026-0802,2026-08-18 21:01:00,1.09,204.11,Toledo,Flasher,A,0,2026-09-11 18:08:51
803,FS-2026-0803,2026-08-23 10:13:00,2.42,343.55,Toledo,Flasher,B,0,2026-09-11 18:08:51
804,FS-2026-0804,2026-08-02 06:09:00,2.83,331.26,Perrysburg,Flasher,B,0,2026-09-11 18:08:51
805,FS-2026-0805,2026-08-26 18:14:00,1.64,391.31,Perrysburg,Boiler,A,1,2026-09-11 18:08:51
806,FS-2026-0806,2026-08-08 17:47:00,2.13,220.91,Perrysburg,Boiler,A,1,2026-09-11 18:08:51
807,FS-2026-0807,2026-08-01 12:05:00,1.99,335.9,Toledo,Flasher,B,0,2026-09-11 18:08:51
808,FS-2026-0808,2026-08-29 21:51:00,2.73,302.7,Perrysburg,Flasher,A,0,2026-09-11 18:08:51
809,FS-2026-0809,2026-08-04 16:00:00,2.56,351.46,Perrysburg,Boiler,B,1,2026-09-11 18:08:51
810,FS-2026-0810,2026-08-04 12:31:00,2.17,306.88,Perrysburg,Flasher,B,1,2026-09-11 18:08:51
811,FS-2026-0811,2026-08-27 08:28:00,1.26,227.65,Toledo,Boiler,B,1,2026-09-11 18:08:51
812,FS-2026-0812,2026-08-22 03:17:00,0.97,386.62,Toledo,Boiler,B,1,2026-09-11 18:08:51
813,FS-2026-0813,2026-08-22 11:04:00,0.84,318.61,Toledo,Boiler,A,0,2026-09-11 18:08:51
814,FS-2026-0814,2026-08-03 00:06:00,2.91,320.45,Toledo,Boiler,B,0,2026-09-11 18:08:51
815,FS-2026-0815,2026-08-18 14:22:00,2.8,398.14,Toledo,Boiler,A,0,2026-09-11 18:08:51
816,FS-2026-0816,2026-08-28 03:05:00,0.88,392.03,Perrysburg,Boiler,B,1,2026-09-11 18:08:51
817,FS-2026-0817,2026-08-15 05:14:00,0.68,379.8,Toledo,Boiler,B,1,2026-09-11 18:08:51
818,FS-2026-0818,2026-08-15 15:02:00,2.9,396.75,Toledo,Flasher,A,0,2026-09-11 18:08:51
819,FS-2026-0819,2026-08-30 15:26:00,0.91,234.74,Perrysburg,Flasher,A,1,2026-09-11 18:08:51
820,FS-2026-0820,2026-08-24 03:45:00,2.05,298.78,Toledo,Boiler,B,0,2026-09-11 18:08:51
821,FS-2026-0821,2026-08-29 03:36:00,0.69,363.21,Toledo,Boiler,A,0,2026-09-11 18:08:51
822,FS-2026-0822,2026-08-29 06:42:00,1.07,288.82,Toledo,Boiler,A,1,2026-09-11 18:08:51
823,FS-2026-0823,2026-08-08 11:07:00,2.7,276.55,Perrysburg,Flasher,A,0,2026-09-11 18:08:51
824,FS-2026-0824,2026-08-12 19:42:00,2.89,314.53,Perrysburg,Boiler,A,1,2026-09-11 18:08:51
825,FS-2026-0825,2026-08-28 23:03:00,2.38,216.33,Perrysburg,Boiler,A,1,2026-09-11 18:08:51
826,FS-2026-0826,2026-08-08 02:13:00,1.85,206.5,Perrysburg,Boiler,B,0,2026-09-11 18:08:51
827,FS-2026-0827,2026-08-18 01:16:00,1.09,322.26,Perrysburg,Flasher,B,0,2026-09-11 18:08:51
828,FS-2026-0828,2026-08-07 10:36:00,1.41,291.39,Perrysburg,Flasher,A,0,2026-09-11 18:08:51
829,FS-2026-0829,2026-08-02 04:33:00,1.89,396.8,Perrysburg,Flasher,A,0,2026-09-11 18:08:51
830,FS-2026-0830,2026-08-06 10:47:00,1.56,364.68,Perrysburg,Flasher,B,0,2026-09-11 18:08:51
831,FS-2026-0831,2026-08-17 23:08:00,1.25,210.87,Perrysburg,Boiler,B,0,2026-09-11 18:08:51
832,FS-2026-0832,2026-08-18 10:02:00,1.61,349.89,Perrysburg,Flasher,A,0,2026-09-11 18:08:51
833,FS-2026-0833,2026-08-15 02:08:00,2.62,288.85,Toledo,Flasher,A,1,2026-09-11 18:08:51
834,FS-2026-0834,2026-08-23 01:26:00,1.2,309.52,Perrysburg,Flasher,B,0,2026-09-11 18:08:51
835,FS-2026-0835,2026-08-21 00:34:00,2.58,224.78,Perrysburg,Flasher,A,1,2026-09-11 18:08:51
836,FS-2026-0836,2026-08-03 19:47:00,1.55,217.59,Perrysburg,Boiler,B,1,2026-09-11 18:08:51
837,FS-2026-0837,2026-08-03 10:02:00,1.15,213.85,Perrysburg,Boiler,A,0,2026-09-11 18:08:51
838,FS-2026-0838,2026-08-15 06:22:00,1.6,361.78,Perrysburg,Boiler,A,1,2026-09-11 18:08:51
839,FS-2026-0839,2026-08-16 13:14:00,0.73,340.34,Perrysburg,Boiler,B,1,2026-09-11 18:08:51
840,FS-2026-0840,2026-08-07 03:08:00,1.07,399.33,Toledo,Boiler,B,0,2026-09-11 18:08:51
841,FS-2026-0841,2026-08-22 21:13:00,1.26,299.53,Toledo,Boiler,B,1,2026-09-11 18:08:51
842,FS-2026-0842,2026-08-04 09:28:00,2.41,375.34,Perrysburg,Boiler,A,0,2026-09-11 18:08:51
843,FS-2026-0843,2026-08-21 01:26:00,2.27,326.12,Toledo,Flasher,B,1,2026-09-11 18:08:51
844,FS-2026-0844,2026-08-03 21:12:00,0.66,269.74,Toledo,Boiler,A,1,2026-09-11 18:08:51
845,FS-2026-0845,2026-08-20 15:45:00,2.25,276.41,Perrysburg,Flasher,B,0,2026-09-11 18:08:51
846,FS-2026-0846,2026-08-04 07:59:00,1.72,291.04,Perrysburg,Flasher,A,1,2026-09-11 18:08:51
847,FS-2026-0847,2026-08-29 04:17:00,2.33,377.12,Toledo,Flasher,B,0,2026-09-11 18:08:51
848,FS-2026-0848,2026-08-18 16:37:00,1.17,230.03,Toledo,Boiler,A,0,2026-09-11 18:08:51
849,FS-2026-0849,2026-08-09 20:32:00,2.42,307.57,Perrysburg,Flasher,B,0,2026-09-11 18:08:51
850,FS-2026-0850,2026-08-03 03:09:00,2.69,290.34,Perrysburg,Boiler,A,1,2026-09-11 18:08:51
851,FS-2026-0851,2026-08-16 02:52:00,2.69,360.87,Toledo,Boiler,B,1,2026-09-11 18:08:51
852,FS-2026-0852,2026-08-28 13:43:00,1.34,283.5,Toledo,Boiler,A,1,2026-09-11 18:08:51
853,FS-2026-0853,2026-08-02 17:02:00,1.99,283.52,Perrysburg,Boiler,B,0,2026-09-11 18:08:51
854,FS-2026-0854,2026-08-07 04:19:00,1.64,332.72,Toledo,Boiler,B,1,2026-09-11 18:08:51
855,FS-2026-0855,2026-08-11 19:45:00,2.36,387.85,Perrysburg,Flasher,B,0,2026-09-11 18:08:51
856,FS-2026-0856,2026-08-15 11:13:00,0.76,310.92,Perrysburg,Boiler,B,0,2026-09-11 18:08:51
857,FS-2026-0857,2026-08-23 22:27:00,2.33,222.5,Toledo,Boiler,B,1,2026-09-11 18:08:51
858,FS-2026-0858,2026-08-29 14:19:00,2.02,264.82,Perrysburg,Boiler,A,0,2026-09-11 18:08:51
859,FS-2026-0859,2026-08-10 22:00:00,2.61,278.49,Perrysburg,Boiler,A,1,2026-09-11 18:08:51
860,FS-2026-0860,2026-08-06 05:19:00,1.6,262.97,Perrysburg,Flasher,B,0,2026-09-11 18:08:51
861,FS-2026-0861,2026-08-27 02:49:00,1.62,343.14,Toledo,Flasher,A,1,2026-09-11 18:08:51
862,FS-2026-0862,2026-08-21 21:13:00,1.82,353.77,Perrysburg,Boiler,B,1,2026-09-11 18:08:51
863,FS-2026-0863,2026-08-24 09:10:00,0.67,359.22,Perrysburg,Boiler,B,1,2026-09-11 18:08:51
864,FS-2026-0864,2026-08-06 15:08:00,2.91,345.28,Toledo,Boiler,A,0,2026-09-11 18:08:51
865,FS-2026-0865,2026-08-05 22:31:00,0.75,378.21,Perrysburg,Boiler,A,1,2026-09-11 18:08:51
866,FS-2026-0866,2026-08-27 15:52:00,2.53,210.04,Toledo,Flasher,B,1,2026-09-11 18:08:51
867,FS-2026-0867,2026-08-02 01:34:00,1.72,310.37,Toledo,Flasher,B,1,2026-09-11 18:08:51
868,FS-2026-0868,2026-08-26 16:57:00,2.8,307.39,Toledo,Flasher,B,1,2026-09-11 18:08:51
869,FS-2026-0869,2026-08-27 05:02:00,2.43,380.43,Toledo,Boiler,A,1,2026-09-11 18:08:51
870,FS-2026-0870,2026-08-15 09:25:00,1.5,285.1,Perrysburg,Boiler,A,1,2026-09-11 18:08:51
871,FS-2026-0871,2026-08-29 22:34:00,2.35,354.35,Toledo,Boiler,B,0,2026-09-11 18:08:51
872,FS-2026-0872,2026-08-04 01:59:00,1.28,309.69,Toledo,Boiler,B,0,2026-09-11 18:08:51
873,FS-2026-0873,2026-08-09 14:40:00,2.38,372.15,Toledo,Boiler,A,1,2026-09-11 18:08:51
874,FS-2026-0874,2026-08-24 13:36:00,2.75,248.39,Perrysburg,Boiler,B,0,2026-09-11 18:08:51
875,FS-2026-0875,2026-08-03 17:36:00,2.85,214.64,Toledo,Boiler,B,1,2026-09-11 18:08:51
876,FS-2026-0876,2026-08-28 06:37:00,1.16,254.4,Toledo,Boiler,B,1,2026-09-11 18:08:51
877,FS-2026-0877,2026-08-01 06:15:00,1.0,260.67,Toledo,Flasher,A,1,2026-09-11 18:08:51
878,FS-2026-0878,2026-08-25 23:50:00,2.38,264.79,Toledo,Flasher,B,0,2026-09-11 18:08:51
879,FS-2026-0879,2026-08-25 17:32:00,2.55,319.68,Toledo,Flasher,A,0,2026-09-11 18:08:51
880,FS-2026-0880,2026-08-03 00:58:00,1.49,293.75,Perrysburg,Flasher,A,1,2026-09-11 18:08:51
881,FS-2026-0881,2026-08-09 07:23:00,1.55,266.07,Toledo,Flasher,A,0,2026-09-11 18:08:51
882,FS-2026-0882,2026-08-08 17:22:00,1.44,381.99,Perrysburg,Boiler,A,0,2026-09-11 18:08:51
883,FS-2026-0883,2026-08-24 11:43:00,2.41,348.25,Perrysburg,Boiler,A,1,2026-09-11 18:08:51
884,FS-2026-0884,2026-08-02 20:53:00,1.62,358.49,Perrysburg,Flasher,B,1,2026-09-11 18:08:51
885,FS-2026-0885,2026-08-18 14:34:00,0.62,306.5,Toledo,Flasher,B,0,2026-09-11 18:08:51
886,FS-2026-0886,2026-08-12 04:51:00,2.48,211.95,Perrysburg,Flasher,A,1,2026-09-11 18:08:51
887,FS-2026-0887,2026-08-08 08:00:00,1.34,366.45,Perrysburg,Flasher,A,1,2026-09-11 18:08:51
888,FS-2026-0888,2026-08-27 06:57:00,2.8,332.95,Perrysburg,Flasher,A,0,2026-09-11 18:08:51
889,FS-2026-0889,2026-08-14 05:55:00,0.56,245.82,Perrysburg,Boiler,B,0,2026-09-11 18:08:51
890,FS-2026-0890,2026-08-03 09:04:00,2.32,322.16,Perrysburg,Flasher,A,0,2026-09-11 18:08:51
891,FS-2026-0891,2026-08-28 04:40:00,2.04,360.23,Perrysburg,Flasher,A,0,2026-09-11 18:08:51
892,FS-2026-0892,2026-08-26 09:14:00,2.8,331.99,Perrysburg,Boiler,A,0,2026-09-11 18:08:51
893,FS-2026-0893,2026-08-02 14:36:00,0.81,367.16,Perrysburg,Flasher,B,0,2026-09-11 18:08:51
894,FS-2026-0894,2026-08-24 16:17:00,1.25,273.77,Perrysburg,Boiler,A,0,2026-09-11 18:08:51
895,FS-2026-0895,2026-08-18 23:56:00,2.85,231.19,Toledo,Flasher,B,1,2026-09-11 18:08:51
896,FS-2026-0896,2026-08-29 17:09:00,0.72,380.33,Perrysburg,Boiler,A,1,2026-09-11 18:08:51
897,FS-2026-0897,2026-08-29 21:01:00,1.38,204.72,Perrysburg,Flasher,B,0,2026-09-11 18:08:51
898,FS-2026-0898,2026-08-02 17:27:00,1.76,258.71,Toledo,Flasher,A,1,2026-09-11 18:08:51
899,FS-2026-0899,2026-08-26 00:58:00,1.55,218.24,Perrysburg,Boiler,A,1,2026-09-11 18:08:51
900,FS-2026-0900,2026-08-03 06:18:00,1.31,202.49,Perrysburg,Boiler,A,1,2026-09-11 18:08:51
901,FS-2026-0901,2026-08-20 05:01:00,2.99,309.36,Toledo,Boiler,A,0,2026-09-11 18:08:51
902,FS-2026-0902,2026-08-12 06:39:00,2.22,340.17,Perrysburg,Boiler,A,1,2026-09-11 18:08:51
903,FS-2026-0903,2026-08-28 18:15:00,1.06,360.71,Perrysburg,Flasher,B,1,2026-09-11 18:08:51
904,FS-2026-0904,2026-08-21 13:39:00,1.24,330.61,Toledo,Flasher,B,0,2026-09-11 18:08:51
905,FS-2026-0905,2026-08-22 20:17:00,1.49,274.39,Perrysburg,Boiler,A,1,2026-09-11 18:08:51
906,FS-2026-0906,2026-08-13 18:25:00,1.91,290.57,Toledo,Boiler,B,1,2026-09-11 18:08:51
907,FS-2026-0907,2026-08-14 02:38:00,1.71,322.07,Perrysburg,Boiler,A,0,2026-09-11 18:08:51
908,FS-2026-0908,2026-08-09 17:16:00,0.96,354.53,Toledo,Flasher,B,1,2026-09-11 18:08:51
909,FS-2026-0909,2026-08-29 04:49:00,0.99,226.14,Toledo,Boiler,A,1,2026-09-11 18:08:51
910,FS-2026-0910,2026-08-01 06:37:00,1.92,275.47,Toledo,Boiler,A,1,2026-09-11 18:08:51
911,FS-2026-0911,2026-08-08 04:01:00,0.91,364.03,Toledo,Boiler,B,0,2026-09-11 18:08:51
912,FS-2026-0912,2026-08-11 17:45:00,1.55,255.11,Toledo,Flasher,A,0,2026-09-11 18:08:51
913,FS-2026-0913,2026-08-25 12:41:00,1.23,298.27,Toledo,Flasher,B,0,2026-09-11 18:08:51
914,FS-2026-0914,2026-08-01 17:38:00,2.73,256.94,Toledo,Flasher,B,0,2026-09-11 18:08:51
915,FS-2026-0915,2026-08-20 22:29:00,1.58,272.74,Perrysburg,Flasher,B,1,2026-09-11 18:08:51
916,FS-2026-0916,2026-08-25 03:59:00,1.3,209.29,Toledo,Flasher,B,0,2026-09-11 18:08:51
917,FS-2026-0917,2026-08-26 02:30:00,1.75,248.29,Toledo,Boiler,B,0,2026-09-11 18:08:51
918,FS-2026-0918,2026-08-09 19:36:00,2.84,396.7,Toledo,Flasher,A,1,2026-09-11 18:08:51
919,FS-2026-0919,2026-08-16 09:07:00,1.82,278.36,Perrysburg,Flasher,A,1,2026-09-11 18:08:51
920,FS-2026-0920,2026-08-04 13:26:00,0.61,276.36,Perrysburg,Flasher,B,1,2026-09-11 18:08:51
921,FS-2026-0921,2026-08-19 11:54:00,2.75,251.42,Toledo,Boiler,B,1,2026-09-11 18:08:51
922,FS-2026-0922,2026-08-16 19:40:00,2.27,214.2,Perrysburg,Boiler,B,0,2026-09-11 18:08:51
923,FS-2026-0923,2026-08-11 04:43:00,1.09,342.62,Perrysburg,Flasher,A,0,2026-09-11 18:08:51
924,FS-2026-0924,2026-08-06 13:29:00,2.41,368.01,Perrysburg,Boiler,A,1,2026-09-11 18:08:51
925,FS-2026-0925,2026-08-16 07:11:00,0.97,231.39,Perrysburg,Flasher,B,1,2026-09-11 18:08:51
926,FS-2026-0926,2026-08-28 04:23:00,1.1,352.74,Toledo,Flasher,B,1,2026-09-11 18:08:51
927,FS-2026-0927,2026-08-17 07:57:00,1.6,356.98,Perrysburg,Boiler,B,1,2026-09-11 18:08:51
928,FS-2026-0928,2026-08-18 13:57:00,1.17,297.57,Toledo,Boiler,B,1,2026-09-11 18:08:51
929,FS-2026-0929,2026-08-19 09:11:00,1.64,232.35,Toledo,Flasher,A,0,2026-09-11 18:08:51
930,FS-2026-0930,2026-08-11 02:17:00,2.57,372.24,Perrysburg,Boiler,B,0,2026-09-11 18:08:51
931,FS-2026-0931,2026-08-06 15:09:00,0.58,288.32,Toledo,Boiler,A,1,2026-09-11 18:08:51
932,FS-2026-0932,2026-08-02 23:40:00,2.58,289.32,Perrysburg,Boiler,A,0,2026-09-11 18:08:51
933,FS-2026-0933,2026-08-04 02:30:00,2.43,318.27,Perrysburg,Flasher,B,0,2026-09-11 18:08:51
934,FS-2026-0934,2026-08-16 04:15:00,2.68,366.26,Perrysburg,Boiler,A,0,2026-09-11 18:08:51
935,FS-2026-0935,2026-08-04 19:23:00,2.55,232.99,Toledo,Boiler,A,1,2026-09-11 18:08:51
936,FS-2026-0936,2026-08-10 16:05:00,1.97,281.49,Toledo,Flasher,B,1,2026-09-11 18:08:51
937,FS-2026-0937,2026-08-08 00:25:00,2.0,381.15,Toledo,Flasher,A,0,2026-09-11 18:08:51
938,FS-2026-0938,2026-08-01 18:09:00,1.29,254.18,Perrysburg,Boiler,A,1,2026-09-11 18:08:51
939,FS-2026-0939,2026-08-18 19:20:00,1.88,264.96,Toledo,Flasher,A,0,2026-09-11 18:08:51
940,FS-2026-0940,2026-08-15 08:54:00,2.64,284.47,Perrysburg,Boiler,B,0,2026-09-11 18:08:51
941,FS-2026-0941,2026-08-01 03:13:00,2.53,224.74,Toledo,Flasher,B,0,2026-09-11 18:08:51
942,FS-2026-0942,2026-08-07 06:55:00,0.58,316.06,Perrysburg,Boiler,B,0,2026-09-11 18:08:51
943,FS-2026-0943,2026-08-24 11:49:00,2.13,389.47,Toledo,Boiler,A,0,2026-09-11 18:08:51
944,FS-2026-0944,2026-08-02 06:13:00,0.51,368.26,Perrysburg,Boiler,B,1,2026-09-11 18:08:51
945,FS-2026-0945,2026-08-13 11:42:00,1.96,312.06,Perrysburg,Flasher,B,1,2026-09-11 18:08:51
946,FS-2026-0946,2026-08-20 04:31:00,0.69,356.44,Toledo,Boiler,B,1,2026-09-11 18:08:51
947,FS-2026-0947,2026-08-29 09:55:00,0.71,312.29,Perrysburg,Flasher,B,0,2026-09-11 18:08:51
948,FS-2026-0948,2026-08-30 09:38:00,0.85,249.94,Toledo,Boiler,B,1,2026-09-11 18:08:51
949,FS-2026-0949,2026-08-08 21:51:00,2.89,322.97,Perrysburg,Flasher,A,1,2026-09-11 18:08:51
950,FS-2026-0950,2026-08-27 22:14:00,1.31,233.67,Toledo,Boiler,B,1,2026-09-11 18:08:51
951,FS-2026-0951,2026-08-20 21:48:00,2.6,213.26,Toledo,Flasher,A,1,2026-09-11 18:08:51
952,FS-2026-0952,2026-08-29 08:58:00,0.85,283.26,Toledo,Flasher,A,1,2026-09-11 18:08:51
953,FS-2026-0953,2026-08-10 20:56:00,2.11,206.97,Perrysburg,Boiler,A,0,2026-09-11 18:08:51
954,FS-2026-0954,2026-08-05 13:20:00,2.8,241.71,Perrysburg,Boiler,A,1,2026-09-11 18:08:51
955,FS-2026-0955,2026-08-20 05:08:00,1.79,207.95,Toledo,Flasher,A,1,2026-09-11 18:08:51
956,FS-2026-0956,2026-08-19 03:55:00,1.17,294.52,Toledo,Flasher,B,0,2026-09-11 18:08:51
957,FS-2026-0957,2026-08-11 20:45:00,1.64,268.4,Toledo,Flasher,A,0,2026-09-11 18:08:51
958,FS-2026-0958,2026-08-08 07:31:00,1.7,382.79,Perrysburg,Boiler,A,0,2026-09-11 18:08:51
959,FS-2026-0959,2026-08-07 15:14:00,0.55,378.11,Toledo,Flasher,A,0,2026-09-11 18:08:51
960,FS-2026-0960,2026-08-30 16:01:00,1.85,390.46,Perrysburg,Boiler,A,1,2026-09-11 18:08:51
961,FS-2026-0961,2026-08-30 03:11:00,2.71,211.8,Toledo,Boiler,B,1,2026-09-11 18:08:51
962,FS-2026-0962,2026-08-08 11:42:00,0.85,303.05,Toledo,Boiler,B,0,2026-09-11 18:08:51
963,FS-2026-0963,2026-08-22 11:47:00,0.58,339.62,Toledo,Boiler,A,1,2026-09-11 18:08:51
964,FS-2026-0964,2026-08-05 12:16:00,2.48,221.8,Toledo,Flasher,A,1,2026-09-11 18:08:51
965,FS-2026-0965,2026-08-12 07:28:00,2.85,250.42,Toledo,Flasher,A,1,2026-09-11 18:08:51
966,FS-2026-0966,2026-08-04 05:38:00,0.67,273.96,Perrysburg,Boiler,B,1,2026-09-11 18:08:51
967,FS-2026-0967,2026-08-01 17:53:00,2.8,362.82,Perrysburg,Flasher,A,1,2026-09-11 18:08:51
968,FS-2026-0968,2026-08-18 20:48:00,1.03,346.84,Perrysburg,Boiler,B,0,2026-09-11 18:08:51
969,FS-2026-0969,2026-08-10 19:44:00,0.8,359.04,Toledo,Boiler,A,1,2026-09-11 18:08:51
970,FS-2026-0970,2026-08-25 04:15:00,2.64,292.64,Perrysburg,Boiler,A,1,2026-09-11 18:08:51
971,FS-2026-0971,2026-08-24 22:34:00,2.79,315.71,Perrysburg,Boiler,A,1,2026-09-11 18:08:51
972,FS-2026-0972,2026-08-26 08:33:00,1.61,295.37,Perrysburg,Boiler,B,1,2026-09-11 18:08:51
973,FS-2026-0973,2026-08-06 03:56:00,1.08,283.04,Toledo,Flasher,A,1,2026-09-11 18:08:51
974,FS-2026-0974,2026-08-06 19:46:00,2.64,375.79,Toledo,Flasher,A,0,2026-09-11 18:08:51
975,FS-2026-0975,2026-08-14 09:41:00,1.46,362.27,Perrysburg,Boiler,A,1,2026-09-11 18:08:51
976,FS-2026-0976,2026-08-18 00:24:00,2.03,306.88,Toledo,Boiler,B,0,2026-09-11 18:08:51
977,FS-2026-0977,2026-08-27 15:11:00,2.24,315.52,Toledo,Boiler,A,0,2026-09-11 18:08:51
978,FS-2026-0978,2026-08-02 03:55:00,1.01,309.54,Perrysburg,Boiler,B,0,2026-09-11 18:08:51
979,FS-2026-0979,2026-08-19 07:06:00,1.13,206.98,Perrysburg,Boiler,A,1,2026-09-11 18:08:51
980,FS-2026-0980,2026-08-26 10:54:00,2.19,206.49,Toledo,Flasher,A,1,2026-09-11 18:08:51
981,FS-2026-0981,2026-08-10 16:44:00,2.67,232.61,Toledo,Boiler,B,0,2026-09-11 18:08:51
982,FS-2026-0982,2026-08-27 01:54:00,0.56,220.15,Perrysburg,Boiler,A,0,2026-09-11 18:08:51
983,FS-2026-0983,2026-08-04 23:56:00,1.18,327.04,Perrysburg,Boiler,B,0,2026-09-11 18:08:51
984,FS-2026-0984,2026-08-09 09:00:00,2.36,293.07,Perrysburg,Flasher,A,1,2026-09-11 18:08:51
985,FS-2026-0985,2026-08-25 02:47:00,1.57,278.94,Toledo,Boiler,A,1,2026-09-11 18:08:51
986,FS-2026-0986,2026-08-04 11:21:00,1.03,351.79,Toledo,Boiler,B,1,2026-09-11 18:08:51
987,FS-2026-0987,2026-08-23 18:04:00,0.97,339.53,Toledo,Flasher,B,1,2026-09-11 18:08:51
988,FS-2026-0988,2026-08-25 17:40:00,0.58,271.35,Toledo,Boiler,B,0,2026-09-11 18:08:51
989,FS-2026-0989,2026-08-29 07:44:00,2.79,253.2,Perrysburg,Flasher,B,1,2026-09-11 18:08:51
990,FS-2026-0990,2026-08-22 16:11:00,0.79,388.4,Toledo,Boiler,A,0,2026-09-11 18:08:51
991,FS-2026-0991,2026-08-18 15:49:00,1.04,370.6,Toledo,Flasher,A,1,2026-09-11 18:08:51
992,FS-2026-0992,2026-08-03 20:26:00,0.69,361.52,Toledo,Boiler,B,1,2026-09-11 18:08:51
993,FS-2026-0993,2026-08-07 06:12:00,2.47,264.24,Toledo,Flasher,B,0,2026-09-11 18:08:51
994,FS-2026-0994,2026-08-04 18:09:00,0.86,296.09,Perrysburg,Flasher,A,1,2026-09-11 18:08:51
995,FS-2026-0995,2026-08-26 04:51:00,2.28,345.13,Perrysburg,Flasher,B,0,2026-09-11 18:08:51
996,FS-2026-0996,2026-08-04 00:25:00,1.34,392.67,Toledo,Flasher,B,1,2026-09-11 18:08:51
997,FS-2026-0997,2026-08-02 18:30:00,1.41,371.53,Toledo,Flasher,B,1,2026-09-11 18:08:51
998,FS-2026-0998,2026-08-23 08:11:00,1.2,369.81,Perrysburg,Boiler,A,1,2026-09-11 18:08:51
999,FS-2026-0999,2026-08-03 04:07:00,1.98,220.6,Toledo,Boiler,A,1,2026-09-11 18:08:51
1000,FS-2026-1000,2026-08-18 00:52:00,0.64,291.56,Perrysburg,Flasher,A,1,2026-09-11 18:08:51
